,roboflow/TFRecords,roboflow/voc2coco,roboflow/heatmap.node,roboflow/BCCD_Dataset,roboflow/tensorflow-object-detection-faster-rcnn,roboflow/yolov3,roboflow/cornelius,roboflow/EfficientDet,roboflow/Monk_Object_Detection,roboflow/synthetic-fruit-dataset,roboflow/floodfill.js,roboflow/keras-yolo3,roboflow/fast-ai-resnet32,roboflow/roboflow-node,roboflow/darknet,roboflow/roboflow-python,roboflow/pytorch-YOLOv4,roboflow/tfjs-models,roboflow/ScaledYOLOv4,roboflow/roboflow-nest,roboflow/supabase-js,roboflow/streamlit-bccd,roboflow/tfjs,roboflow/inference-server-old,roboflow/jetson,roboflow/firebaseui-web,roboflow/video-inference,roboflow/roboflow-api-snippets,roboflow/roboflow-jetson-license-plate,roboflow/blobconverter,roboflow/rabbit-deterrence,roboflow/yolor,roboflow/YOLOX,roboflow/roboflow-object-tracking,roboflow/neuralhash-collisions,roboflow/zero-shot-object-tracking,roboflow/tensorrtx,roboflow/blackjack-basic-strategy,roboflow/yolov5-custom-training-tutorial,roboflow/server-benchmark,roboflow/ghost-detector,roboflow/neuralhash_prefix_caption,roboflow/yolov5,roboflow/markdown-it-imsize,roboflow/smooth-frame,roboflow/rickblocker,roboflow/RoboflowExpoExample,roboflow/roboflow-100-benchmark,roboflow/expo-image-picker-multiple,roboflow/YOLOv6,roboflow/FastMOT,roboflow/.github,roboflow/stacked-boxes-email-notification,roboflow/template-python,roboflow/tao-toolkit-with-roboflow,roboflow/external-bugtracker,roboflow/dji-aerial-georeferencing,roboflow/roboflow-ios-starter,roboflow/clip-benchmark,roboflow/roboflow-computer-vision-utilities,roboflow/roboflow-react-app,roboflow/cra-template-roboflow-react-app,roboflow/OBS-Controller,roboflow/yolov7,roboflow/roboflow-100-3d-website,roboflow/stable-diffusion-demo,roboflow/roboflow-cli,roboflow/deploy-models-with-grpc-pytorch-asyncio,roboflow/notebooks,roboflow/supervision,roboflow/ppe-detection,roboflow/auto-annotate,roboflow/streamlit-web-app,roboflow/rtsp-server,roboflow/trt-demos,roboflow/cookbooks,roboflow/ultralytics-roboflow,roboflow/supashim,roboflow/quickstart-python,roboflow/homepage-demo,roboflow/polygonzone,roboflow/magic-scissors,roboflow/ODinW-RF100-challenge-issues,roboflow/scavenger-hunt,roboflow/roboflow-collect,roboflow/celebrity-doppelganger,roboflow/cvevals,roboflow/GroundingDINO_old,roboflow/segment-anything,roboflow/yolov8-OpenVINO,roboflow/roboflow-swift,roboflow/GroundingDINO,roboflow/roboflow-swift-examples,roboflow/Grounded-Segment-Anything,roboflow/ultralytics-yolov8-seg-coreml-nms,roboflow/inference,roboflow/roboflow-swift-macos,roboflow/inference-client,roboflow/inference-dashboard-example,roboflow/lenny,roboflow/roboflow-red,roboflow/CLIP,roboflow/universe-widget,roboflow/supervision-annotators-hf-space,roboflow/clip_video_app,roboflow/roboflow_cloud_upload,roboflow/webcamGPT,roboflow/awesome-openai-vision-api-experiments,roboflow/ezautodistill,roboflow/foundation-vision-benchmark,roboflow/gpt-checkup,roboflow/SoM,roboflow/multimodal-maestro,roboflow/cog-vlm-client,roboflow/c3-sapphire-rapids,roboflow/nanoowl,roboflow/roboflow-ios-blur,roboflow/roboflow-blur-demo,roboflow/sports,roboflow/tunnelmole-client,roboflow/visual-prompting,roboflow/cheatsheet-supervision,roboflow/rf-segment-anything-2,roboflow/inferencejs-react-example,roboflow/inference-reid,roboflow/model-leaderboard,roboflow/inferencejs-nextjs-example,roboflow/star-track,autodistill/autodistill-clip,autodistill/autodistill-owl-vit,autodistill/autodistill-detic,autodistill/autodistill-yolov5,autodistill/autodistill-detr,autodistill/autodistill-yolonas,autodistill/autodistill,autodistill/autodistill-grounded-sam,autodistill/autodistill-yolov8,autodistill/.github,autodistill/autodistill-grounding-dino,autodistill/autodistill-vit,autodistill/autodistill-dinov2,autodistill/autodistill-sam-clip,autodistill/autodistill-base-model-template,autodistill/autodistill-target-model-template,autodistill/autodistill-blip,autodistill/autodistill-albef,autodistill/autodistill-open-flamingo,autodistill/autodistill-fastsam,autodistill/autodistill-blipv2,autodistill/autodistill-seggpt,autodistill/autodistill-llava,autodistill/autodistill-fastvit,autodistill/autodistill-kosmos-2,autodistill/autodistill-fuyu,autodistill/autodistill-metaclip,autodistill/autodistill-owlv2,autodistill/autodistill-rekognition,autodistill/autodistill-azure-vision,autodistill/autodistill-gcp-vision,autodistill/autodistill-gpt-4v,autodistill/autodistill-roboflow-universe,autodistill/autodistill-altclip,autodistill/autodistill-codet,autodistill/autodistill-vlpart,autodistill/autodistill-transformers,autodistill/autodistill-hls-geospatial,autodistill/autodistill-segment-anything,autodistill/autodistill-sam-hq,autodistill/sam-hq,autodistill/SLiMe,autodistill/autodistill-remote-clip,autodistill/autodistill-efficientsam,autodistill/autodistill-grounded-edgesam,autodistill/EdgeSAM,autodistill/autodistill-gemini,autodistill/autodistill-qwen-vl,autodistill/autodistill-bioclip,autodistill/autodistill-yolo-world,autodistill/autodistill-efficient-yolo-world,autodistill/autodistill-siglip,autodistill/autodistill-mobileclip,autodistill/autodistill-paligemma,autodistill/autodistill-gpt-4o,autodistill/autodistill-gemini-flash,autodistill/autodistill-gpt-text,autodistill/autodistill-distilbert,autodistill/autodistill-setfit,autodistill/autodistill-florence-2,autodistill/autodistill-grounded-sam-2,roboflow/maestro,Lightning-AI/pytorch-lightning,Lightning-AI/deep-learning-project-template,Lightning-AI/forked-pdb,Lightning-AI/torchmetrics,Lightning-AI/tutorials,Lightning-AI/ecosystem-ci,Lightning-AI/probot,Lightning-AI/.github,Lightning-AI/utilities,Lightning-AI/engineering-class,Lightning-AI/dl-fundamentals,Lightning-AI/lightning-Habana,Lightning-AI/lightning-Graphcore,Lightning-AI/lit-llama,Lightning-AI/lm-evaluation-harness,Lightning-AI/litgpt,Lightning-AI/Lightning-multinode-templates,Lightning-AI/cloud-training-workshop,Lightning-AI/LitServe,Lightning-AI/litdata,Lightning-AI/lightning-thunder,ultralytics/velocity,ultralytics/wave,ultralytics/petsys,ultralytics/magellan,ultralytics/kinect,ultralytics/functions-matlab,ultralytics/msvm,ultralytics/ntc,ultralytics/agm2015,ultralytics/miniTimeCube,ultralytics/nudar,ultralytics/xview-yolov3,ultralytics/mnist,ultralytics/xview-docker,ultralytics/yolov3,ultralytics/tinder,ultralytics/ios_screenshots,ultralytics/iSky,ultralytics/sandd,ultralytics/JSON2YOLO,ultralytics/flickr_scraper,ultralytics/google-images-download,ultralytics/yolov5,ultralytics/.github,ultralytics/hub,ultralytics/stars,ultralytics/assets,ultralytics/ultralytics,ultralytics/ultralytics-ios-podspecs,ultralytics/docs,ultralytics/mkdocs,ultralytics/hub-sdk,ultralytics/pre-commit,ultralytics/template,ultralytics/actions,ultralytics/yolo-ios-app,ultralytics/yolo-flutter-app,ultralytics/CLIP,ultralytics/source-trace,ultralytics/thop,voxel51/eta,voxel51/vatic,voxel51/turkic,voxel51/C3D-tensorflow,voxel51/api-py,voxel51/api-js,voxel51/slate,voxel51/player51,voxel51/platform-sdk,voxel51/models,voxel51/darkflow,voxel51/mysql-backup,voxel51/platform-integrations,voxel51/pandemic51,voxel51/fiftyone,voxel51/pytorch_sphinx_theme,voxel51/fiftyone-examples,voxel51/automl,voxel51/lightning-flash,voxel51/cocodataset.github.io,voxel51/activitynet.github.io,voxel51/fiftyone-plugins,voxel51/upptime,voxel51/fiftyone-teams-app-deploy,voxel51/fiftyone-docs-search,voxel51/voxelgpt,voxel51/cvpr-mobile-hdr,voxel51/papers-with-data,voxel51/badger,voxel51/fiftyone_mlflow_plugin,voxel51/fiftyone_mlflow_integration,voxel51/fiftyone-auth-migration,voxel51/fiftyone-huggingface-plugins,voxel51/evaluation_panel,huggingface/personas,huggingface/neuralcoref,huggingface/neuralcoref-viz,huggingface/torchMoji,huggingface/Mongoku,huggingface/awd-lstm-lm,huggingface/neuralcoref-models,huggingface/100-times-faster-nlp,huggingface/pytorch-openai-transformer-lm,huggingface/adversarialnlp,huggingface/transformers,huggingface/hmtl,huggingface/rasa_hmtl,huggingface/bert-syntax,huggingface/pytorch-image-models,huggingface/ionic,huggingface/snapchat-lens-api,huggingface/knockknock,huggingface/pytorch-pretrained-BigGAN,huggingface/transfer-learning-conv-ai,huggingface/naacl_transfer_learning_tutorial,huggingface/xlnet,huggingface/swift-coreml-transformers,huggingface/tokenizers,huggingface/tflite-android-transformers,huggingface/node-question-answering,huggingface/blog,huggingface/awesome-papers,huggingface/datasets,huggingface/trl,huggingface/datasets-viewer,huggingface/notebooks,huggingface/model_card,huggingface/pytorch_block_sparse,huggingface/widgets-server,huggingface/hfapi,huggingface/spm_precompiled,huggingface/accelerate,huggingface/block_movement_pruning,huggingface/efficient_scripts,huggingface/datasets-tagging,huggingface/flax_bert,huggingface/autotrain-advanced,huggingface/huggingface_hub,huggingface/nn_pruning,huggingface/api-inference-community,huggingface/diff2html,huggingface/tune,huggingface/collaborative-training-auth,huggingface/paper-style-guide,huggingface/awesome-huggingface,huggingface/hf_benchmarks,huggingface/optimum,huggingface/data-measurements-tool,huggingface/s3prl,huggingface/dataset-viewer,huggingface/course,huggingface/doc-builder,huggingface/workshops,huggingface/allennlp,huggingface/optimum-graphcore,huggingface/Unity-WebGL-template-for-Hugging-Face-Spaces,huggingface/tensorboard,huggingface/doc-build-dev,huggingface/huggingface_sb3,huggingface/stable-baselines3,huggingface/rl-baselines3-zoo,huggingface/doc-build,huggingface/education-toolkit,huggingface/neural-compressor,huggingface/RL-model-card-template,huggingface/optimum-habana,huggingface/huggingface-sagemaker-snowflake-example,huggingface/hub-docs,huggingface/community-events,huggingface/evaluate,huggingface/amazon-eks-ami,huggingface/model-evaluator,huggingface/ml-agents,huggingface/simulate,huggingface/deep-rl-class,huggingface/exporters,huggingface/optimum-intel,huggingface/diffusers,huggingface/ViZDoom,huggingface/ML-Agents-Training-Executables,huggingface/setfit,huggingface/huggingface_tianshou,huggingface/bloom-jax-inference,huggingface/diffusers_all,huggingface/hffs,huggingface/huggingface-inference-toolkit,huggingface/transformers_bloom_parallel,huggingface/hf-endpoints-documentation,huggingface/transformers-bloom-inference,huggingface/olm-datasets,huggingface/safetensors,huggingface/frp,huggingface/distill-bloom-deepspeed,huggingface/datablations,huggingface/olm-training,huggingface/text-generation-inference,huggingface/competitions,huggingface/diffusion-models-class,huggingface/Megatron-LM,huggingface/hf-endpoints-emulator,huggingface/roots-search-tool,huggingface/disaggregators,huggingface/peft,huggingface/jat,huggingface/swift-coreml-diffusers,huggingface/hf_transfer,huggingface/speechbox,huggingface/flappy-bird-gym,huggingface/test_gh_secret,huggingface/fuego,huggingface/rlhf-interface,huggingface/optimum-neuron,huggingface/huggingface.js,huggingface/helm-publish-action,huggingface/llm-vscode,huggingface/open-muse,huggingface/chat-ui,huggingface/helm-common,huggingface/gaia,huggingface/audio-transformers-course,huggingface/controlnet_aux,huggingface/khipu_workshop,huggingface/large_language_model_training_playbook,huggingface/ethics-education,huggingface/data-measurements,huggingface/python-readability,huggingface/llm_training_handbook,huggingface/instruction-tuned-sd,huggingface/unity-api,huggingface/optimum-furiosa,huggingface/semver-release-action,huggingface/zapier,huggingface/ethics-scripts,huggingface/optimum-benchmark,huggingface/llm.nvim,huggingface/gym-games,huggingface/swift-transformers,huggingface/swift-chat,huggingface/rl-baselines3-zoo-update,huggingface/accelerate-wip,huggingface/OBELICS,huggingface/chug,huggingface/ml-agents-patch,huggingface/pixparse,huggingface/datatrove,huggingface/candle,huggingface/discord-bots,huggingface/dana,huggingface/open_asr_leaderboard,huggingface/hf-hub,huggingface/that_is_good_data,huggingface/m4-logs,huggingface/llm-ls,huggingface/FastChat,huggingface/autotrain-advanced-api,huggingface/test-actions,huggingface/autogptq-index,huggingface/alignment-handbook,huggingface/hub-js-utils,huggingface/trident,huggingface/optimum-amd,huggingface/nanotron,huggingface/sharp-transformers,huggingface/optimum-quanto,huggingface/candle-layer-norm,huggingface/llm-intellij,huggingface/candle-cublaslt,huggingface/candle-flash-attn-v1,huggingface/optimum-nvidia,huggingface/peft-pytorch-conference,huggingface/text-embeddings-inference,huggingface/alpaca_eval,huggingface/distil-whisper,huggingface/llm-swarm,huggingface/gsplat.js,huggingface/making-games-with-ai-course,huggingface/cookbook,huggingface/amused,huggingface/diffusion-fast,huggingface/tgi-gaudi,huggingface/candle-paged-attention,huggingface/candle-rotary,huggingface/candle-silu,huggingface/visual-blocks-custom-components,huggingface/slurm,huggingface/ratchet,huggingface/Google-Cloud-Containers,huggingface/text-clustering,huggingface/quicktype,huggingface/Huggy,huggingface/Snowball-Target,huggingface/lighteval,huggingface/lerobot,huggingface/dataspeech,huggingface/llm-awq,huggingface/optimum-tpu,huggingface/hf-workflows,huggingface/parler-tts,huggingface/slurm-mail,huggingface/cosmopedia,huggingface/prometheus-slurm-exporter,huggingface/tailscale-action,huggingface/tei-gaudi,huggingface/autotrain-example-datasets,huggingface/data-is-better-together,huggingface/Auth0-Social-Connection,huggingface/diarizers,huggingface/gym-pusht,huggingface/gym-xarm,huggingface/VLMEvalKit,huggingface/lmms-eval,huggingface/leaderboards,huggingface/gym-aloha,huggingface/arena-hard,huggingface/bitsandbytes_testing,huggingface/ml-for-3d-course,huggingface/hf-rocm-benchmark,huggingface/ms-build-mi300,huggingface/llm-academy,huggingface/gguf-jinja-analysis,huggingface/Unity-MLAgents-LoadFromHub-Assets,huggingface/scheduler-plugins,huggingface/pyo3-special-method-derive,huggingface/coreml-examples,huggingface/bench_cluster,huggingface/local-gemma,huggingface/lm-evaluation-harness,huggingface/chat-ui-android,huggingface/distribution-v2,huggingface/duc,huggingface/docmatix,huggingface/EnergyStarAI,huggingface/huggingface-llama-recipes,huggingface/text-generation-inference-nix,huggingface/speech-to-speech,huggingface/transformers.js-examples,huggingface/sam2-studio,huggingface/action-check-commits,huggingface/WebShop,huggingface/AgentLite,huggingface/temp-tailscale-action,huggingface/MixEval,huggingface/segment-anything-2,huggingface/fineVideo,huggingface/chat-macOS,huggingface/dedupe_estimator,huggingface/prettier-plugin-vertical-align,voxel51/fiftyone-brain,voxel51/coco-2017,voxel51/caltech101,voxel51/openai-clip,voxel51/ultralytics-models,huggingface/transformers_debug,voxel51/fiftyone-rerun-plugin,autodistill/autodistill-yolov11,huggingface/transformers_ci_bot,huggingface/evaluation-guidebook
2024-09-17,2,99,1,2,89,11,0,3,23,3,1,19,2,5,56,280,34,2,2,8,0,4,0,13,0,0,48,18,5,0,16,5,14,1,151,357,0,36,8,1,0,1,4,0,1,14,22,242,0,1,0,0,1,82,1,1,194,14,1,36,8,0,9,0,6,5,5,24,5189,18624,0,38,9,8,3,16,1,20,23,36,35,11,1,5,27,0,33,0,0,5,5,5,3,1,0,1271,0,13,8,1,3,0,0,5,21,0,251,1626,0,4,27,2,1257.0,14,2,0,0,0,2266,1,2,3,0,2,0,32,0,2,7,5,12,1,2,5,1850,42,40,0,18,5,10,12,4,0,4,1,0,4,2,5,6,0,5,1,21,5,0,0,0,25,3,0,1,5,1,1,2,6,0,0,2,0,24,2,3,0,1,3,8,7,1,11,11,0,0,0,0,54,80,,,,,,,,,,,,,,,,,,,,,,,,,,,,,,,,,,,,,,,,,,,,,,,,,,,,,,,,,,,,,,,,,,,,,,,,,,,,,,,,,,,,,,,,,,,,,,,,,,,,,,,,,,,,,,,,,,,,,,,,,,,,,,,,,,,,,,,,,,,,,,,,,,,,,,,,,,,,,,,,,,,,,,,,,,,,,,,,,,,,,,,,,,,,,,,,,,,,,,,,,,,,,,,,,,,,,,,,,,,,,,,,,,,,,,,,,,,,,,,,,,,,,,,,,,,,,,,,,,,,,,,,,,,,,,,,,,,,,,,,,,,,,,,,,,,,,,,,,,,,,,,,,,,,,,,,,,,,,,,,,,,,,,,,,,,,,,,,,,,,,,,,,,,,,,,,,,,,,,,
2024-09-18,2,99,1,2,89,11,0,3,23,3,1,19,2,5,56,280,34,2,2,8,0,4,0,13,0,0,48,18,5,0,16,5,14,1,151,357,0,36,8,1,0,1,4,0,1,14,22,242,0,1,0,0,1,82,1,1,194,14,1,36,8,0,9,0,6,5,5,24,5189,18657,0,38,9,8,3,16,1,20,23,36,37,11,1,5,27,0,33,0,0,5,5,5,3,1,0,1271,0,13,8,1,3,0,0,5,21,0,251,1627,0,4,27,2,1270.0,14,2,0,0,0,2267,1,2,3,0,2,0,32,0,4,7,5,12,1,2,5,1850,43,40,0,18,5,10,12,4,0,4,1,0,4,2,5,6,0,5,1,21,5,0,0,0,25,3,0,1,5,1,1,2,6,0,0,2,0,24,2,3,0,1,3,8,7,1,11,11,0,0,0,0,54,80,,,,,,,,,,,,,,,,,,,,,,,,,,,,,,,,,,,,,,,,,,,,,,,,,,,,,,,,,,,,,,,,,,,,,,,,,,,,,,,,,,,,,,,,,,,,,,,,,,,,,,,,,,,,,,,,,,,,,,,,,,,,,,,,,,,,,,,,,,,,,,,,,,,,,,,,,,,,,,,,,,,,,,,,,,,,,,,,,,,,,,,,,,,,,,,,,,,,,,,,,,,,,,,,,,,,,,,,,,,,,,,,,,,,,,,,,,,,,,,,,,,,,,,,,,,,,,,,,,,,,,,,,,,,,,,,,,,,,,,,,,,,,,,,,,,,,,,,,,,,,,,,,,,,,,,,,,,,,,,,,,,,,,,,,,,,,,,,,,,,,,,,,,,,,,,,,,,,,,,
2024-09-19,2,99,1,2,89,11,0,3,23,3,1,19,2,5,56,280,34,2,2,8,0,4,0,13,0,0,48,18,5,0,16,5,14,1,151,356,0,36,8,1,0,1,4,0,1,14,22,243,0,1,0,0,1,83,1,1,194,14,1,36,8,0,9,0,6,5,5,24,5195,18721,0,38,9,8,3,16,1,20,23,36,38,11,1,5,27,0,33,0,0,5,5,5,3,1,0,1271,0,13,8,1,3,0,0,5,21,0,251,1628,0,4,27,2,1282.0,14,2,0,0,0,2271,1,2,3,0,2,0,33,0,4,7,5,12,1,2,5,1850,43,40,0,18,5,10,12,4,0,4,1,0,4,2,5,6,0,5,1,21,5,0,0,0,25,3,0,1,5,1,1,2,6,0,0,2,0,24,2,3,0,1,3,8,7,1,11,11,0,0,0,0,54,80,,,,,,,,,,,,,,,,,,,,,,,,,,,,,,,,,,,,,,,,,,,,,,,,,,,,,,,,,,,,,,,,,,,,,,,,,,,,,,,,,,,,,,,,,,,,,,,,,,,,,,,,,,,,,,,,,,,,,,,,,,,,,,,,,,,,,,,,,,,,,,,,,,,,,,,,,,,,,,,,,,,,,,,,,,,,,,,,,,,,,,,,,,,,,,,,,,,,,,,,,,,,,,,,,,,,,,,,,,,,,,,,,,,,,,,,,,,,,,,,,,,,,,,,,,,,,,,,,,,,,,,,,,,,,,,,,,,,,,,,,,,,,,,,,,,,,,,,,,,,,,,,,,,,,,,,,,,,,,,,,,,,,,,,,,,,,,,,,,,,,,,,,,,,,,,,,,,,,,,
2024-09-20,2,99,1,2,89,11,0,3,23,3,1,19,2,5,56,281,34,2,2,8,0,4,0,13,0,0,48,18,5,0,16,5,14,1,151,356,0,36,8,1,0,1,4,0,1,14,22,243,0,1,0,0,1,83,1,1,195,14,1,36,8,0,9,0,6,5,5,24,5201,18889,0,39,9,8,3,16,1,20,23,36,39,11,1,5,27,0,33,0,0,5,5,5,3,1,0,1272,0,13,8,1,3,0,0,5,21,0,251,1628,0,4,27,2,1288.0,14,2,0,0,0,2273,1,2,3,0,2,0,35,0,4,7,5,12,1,2,5,1853,43,40,0,18,5,10,12,4,0,4,1,0,4,2,5,6,0,5,1,21,5,0,0,0,25,3,0,1,5,1,1,2,6,0,0,2,0,24,2,3,0,1,3,8,7,1,11,11,0,0,0,0,54,80,,,,,,,,,,,,,,,,,,,,,,,,,,,,,,,,,,,,,,,,,,,,,,,,,,,,,,,,,,,,,,,,,,,,,,,,,,,,,,,,,,,,,,,,,,,,,,,,,,,,,,,,,,,,,,,,,,,,,,,,,,,,,,,,,,,,,,,,,,,,,,,,,,,,,,,,,,,,,,,,,,,,,,,,,,,,,,,,,,,,,,,,,,,,,,,,,,,,,,,,,,,,,,,,,,,,,,,,,,,,,,,,,,,,,,,,,,,,,,,,,,,,,,,,,,,,,,,,,,,,,,,,,,,,,,,,,,,,,,,,,,,,,,,,,,,,,,,,,,,,,,,,,,,,,,,,,,,,,,,,,,,,,,,,,,,,,,,,,,,,,,,,,,,,,,,,,,,,,,,
2024-09-21,2,99,1,2,89,11,0,3,23,3,1,19,2,5,56,282,34,2,2,8,0,4,0,13,0,0,48,18,5,0,16,5,14,1,151,356,0,36,8,1,0,1,4,0,1,14,22,243,0,1,0,0,1,83,1,1,195,14,1,36,8,0,9,0,6,5,5,24,5209,19354,0,39,9,8,3,16,1,20,23,36,41,11,1,5,27,0,33,0,0,5,5,5,3,1,0,1275,0,13,8,1,3,0,0,5,21,0,251,1631,0,4,28,2,1299.0,14,2,0,0,0,2275,1,2,4,0,2,0,35,0,4,7,5,12,1,2,5,1858,43,40,0,18,5,10,12,4,0,4,1,0,4,2,5,6,0,5,1,21,5,0,0,0,25,3,0,1,5,1,1,2,6,0,0,2,0,24,2,3,0,1,3,8,7,1,11,11,0,0,0,0,54,80,,,,,,,,,,,,,,,,,,,,,,,,,,,,,,,,,,,,,,,,,,,,,,,,,,,,,,,,,,,,,,,,,,,,,,,,,,,,,,,,,,,,,,,,,,,,,,,,,,,,,,,,,,,,,,,,,,,,,,,,,,,,,,,,,,,,,,,,,,,,,,,,,,,,,,,,,,,,,,,,,,,,,,,,,,,,,,,,,,,,,,,,,,,,,,,,,,,,,,,,,,,,,,,,,,,,,,,,,,,,,,,,,,,,,,,,,,,,,,,,,,,,,,,,,,,,,,,,,,,,,,,,,,,,,,,,,,,,,,,,,,,,,,,,,,,,,,,,,,,,,,,,,,,,,,,,,,,,,,,,,,,,,,,,,,,,,,,,,,,,,,,,,,,,,,,,,,,,,,,
2024-09-22,2,99,1,2,89,11,0,2,23,3,1,19,2,5,55,282,34,2,1,8,0,4,0,13,0,0,48,18,5,0,16,5,14,1,151,356,0,36,8,1,0,1,4,0,1,14,22,243,0,1,0,0,1,83,1,1,195,14,1,36,8,0,9,0,6,5,5,24,5210,19598,0,39,9,8,3,16,1,20,23,36,41,11,1,5,27,0,33,0,0,5,5,5,3,1,0,1275,0,13,8,1,3,0,0,5,21,0,251,1631,0,4,28,2,1300.0,14,2,0,0,0,2278,1,2,4,0,2,0,35,0,4,7,5,12,1,2,5,1859,43,40,0,18,5,10,12,4,0,4,1,0,4,2,5,6,0,5,1,21,5,0,0,0,25,3,0,1,5,1,1,2,6,0,0,2,0,24,2,3,0,1,3,8,7,1,11,11,0,0,0,0,54,81,,,,,,,,,,,,,,,,,,,,,,,,,,,,,,,,,,,,,,,,,,,,,,,,,,,,,,,,,,,,,,,,,,,,,,,,,,,,,,,,,,,,,,,,,,,,,,,,,,,,,,,,,,,,,,,,,,,,,,,,,,,,,,,,,,,,,,,,,,,,,,,,,,,,,,,,,,,,,,,,,,,,,,,,,,,,,,,,,,,,,,,,,,,,,,,,,,,,,,,,,,,,,,,,,,,,,,,,,,,,,,,,,,,,,,,,,,,,,,,,,,,,,,,,,,,,,,,,,,,,,,,,,,,,,,,,,,,,,,,,,,,,,,,,,,,,,,,,,,,,,,,,,,,,,,,,,,,,,,,,,,,,,,,,,,,,,,,,,,,,,,,,,,,,,,,,,,,,,,,
2024-09-23,2,99,1,2,89,11,0,2,23,3,1,19,2,5,55,283,34,2,1,8,0,4,0,13,0,0,48,18,5,0,16,5,14,1,151,356,0,36,8,1,0,1,4,0,1,14,22,243,0,1,0,0,1,84,1,1,197,14,1,36,8,0,9,0,6,5,5,24,5213,19863,0,39,9,8,3,16,1,20,23,36,42,11,1,5,27,0,33,0,0,5,5,5,3,1,0,1278,0,13,8,1,3,0,0,5,21,0,251,1632,0,4,28,2,1304.0,14,2,0,0,0,2281,1,2,4,0,2,0,35,0,4,7,5,12,1,2,5,1864,43,40,0,18,5,10,12,4,0,4,1,0,4,2,5,6,0,5,1,21,5,0,0,0,25,3,0,1,5,1,1,2,6,0,0,2,0,25,2,3,0,1,3,8,7,1,11,11,0,0,0,0,54,81,,,,,,,,,,,,,,,,,,,,,,,,,,,,,,,,,,,,,,,,,,,,,,,,,,,,,,,,,,,,,,,,,,,,,,,,,,,,,,,,,,,,,,,,,,,,,,,,,,,,,,,,,,,,,,,,,,,,,,,,,,,,,,,,,,,,,,,,,,,,,,,,,,,,,,,,,,,,,,,,,,,,,,,,,,,,,,,,,,,,,,,,,,,,,,,,,,,,,,,,,,,,,,,,,,,,,,,,,,,,,,,,,,,,,,,,,,,,,,,,,,,,,,,,,,,,,,,,,,,,,,,,,,,,,,,,,,,,,,,,,,,,,,,,,,,,,,,,,,,,,,,,,,,,,,,,,,,,,,,,,,,,,,,,,,,,,,,,,,,,,,,,,,,,,,,,,,,,,,,
2024-09-24,2,99,1,2,89,11,0,2,23,3,1,19,2,5,55,284,34,2,1,8,0,4,0,13,0,0,48,18,5,0,16,5,14,1,151,356,0,36,8,1,0,1,4,0,1,14,22,243,0,1,0,0,1,85,1,1,198,14,1,36,8,0,9,0,6,5,5,24,5216,20462,0,39,9,8,3,16,1,20,23,36,44,11,1,5,27,0,33,0,0,5,5,5,3,1,0,1280,0,13,8,1,3,0,0,5,21,0,253,1632,0,4,28,2,1308.0,14,2,0,0,0,2283,1,2,4,0,2,0,35,0,5,7,5,12,1,2,5,1868,43,40,0,18,5,10,12,4,0,4,1,0,4,2,5,6,0,5,1,21,5,0,0,0,25,3,0,1,5,1,1,2,6,0,0,2,0,25,2,3,0,1,3,8,7,1,11,11,0,0,0,0,54,82,,,,,,,,,,,,,,,,,,,,,,,,,,,,,,,,,,,,,,,,,,,,,,,,,,,,,,,,,,,,,,,,,,,,,,,,,,,,,,,,,,,,,,,,,,,,,,,,,,,,,,,,,,,,,,,,,,,,,,,,,,,,,,,,,,,,,,,,,,,,,,,,,,,,,,,,,,,,,,,,,,,,,,,,,,,,,,,,,,,,,,,,,,,,,,,,,,,,,,,,,,,,,,,,,,,,,,,,,,,,,,,,,,,,,,,,,,,,,,,,,,,,,,,,,,,,,,,,,,,,,,,,,,,,,,,,,,,,,,,,,,,,,,,,,,,,,,,,,,,,,,,,,,,,,,,,,,,,,,,,,,,,,,,,,,,,,,,,,,,,,,,,,,,,,,,,,,,,,,,
2024-09-25,2,99,1,2,89,11,0,2,23,3,1,19,2,5,55,286,34,2,1,8,0,4,0,13,0,0,48,18,5,0,16,5,14,1,151,358,0,36,8,1,0,1,4,0,1,14,22,243,0,1,0,0,1,88,1,1,198,14,1,36,8,0,9,0,6,5,5,24,5230,21650,0,39,9,8,3,16,1,20,23,36,45,11,1,5,27,0,33,0,0,6,5,5,3,1,0,1288,0,13,8,1,3,0,0,5,21,0,253,1633,0,4,28,2,,14,2,0,0,0,2291,1,2,4,0,2,0,35,0,5,7,5,12,1,2,5,1873,43,40,0,18,5,10,12,4,0,4,1,0,4,2,5,6,0,5,1,21,5,0,0,0,25,3,0,1,5,1,1,2,6,0,0,2,0,25,2,3,0,1,3,8,7,1,11,11,0,0,0,0,54,83,1312.0,,,,,,,,,,,,,,,,,,,,,,,,,,,,,,,,,,,,,,,,,,,,,,,,,,,,,,,,,,,,,,,,,,,,,,,,,,,,,,,,,,,,,,,,,,,,,,,,,,,,,,,,,,,,,,,,,,,,,,,,,,,,,,,,,,,,,,,,,,,,,,,,,,,,,,,,,,,,,,,,,,,,,,,,,,,,,,,,,,,,,,,,,,,,,,,,,,,,,,,,,,,,,,,,,,,,,,,,,,,,,,,,,,,,,,,,,,,,,,,,,,,,,,,,,,,,,,,,,,,,,,,,,,,,,,,,,,,,,,,,,,,,,,,,,,,,,,,,,,,,,,,,,,,,,,,,,,,,,,,,,,,,,,,,,,,,,,,,,,,,,,,,,,,,,,,,,,,,,,
2024-09-26,2,99,1,2,90,11,0,2,23,3,1,19,2,5,55,287,34,2,1,8,0,4,0,13,0,0,48,18,5,0,16,5,14,1,151,359,0,36,8,1,0,1,4,0,1,14,22,243,0,1,0,0,1,90,1,1,198,14,1,36,8,0,9,0,6,5,5,24,5239,22124,0,40,9,8,3,16,1,20,23,36,45,11,1,5,27,0,34,0,0,6,5,5,3,1,0,1296,0,13,8,1,3,0,0,5,21,0,253,1633,0,4,28,2,,14,2,0,0,0,2296,1,2,4,0,2,0,35,0,5,7,5,12,1,2,5,1877,44,40,0,18,5,10,12,4,0,4,1,0,4,2,5,6,0,5,1,21,5,0,0,0,25,3,0,1,5,1,1,2,6,0,0,2,0,25,2,3,0,1,3,8,7,1,11,11,0,0,0,0,54,83,1316.0,,,,,,,,,,,,,,,,,,,,,,,,,,,,,,,,,,,,,,,,,,,,,,,,,,,,,,,,,,,,,,,,,,,,,,,,,,,,,,,,,,,,,,,,,,,,,,,,,,,,,,,,,,,,,,,,,,,,,,,,,,,,,,,,,,,,,,,,,,,,,,,,,,,,,,,,,,,,,,,,,,,,,,,,,,,,,,,,,,,,,,,,,,,,,,,,,,,,,,,,,,,,,,,,,,,,,,,,,,,,,,,,,,,,,,,,,,,,,,,,,,,,,,,,,,,,,,,,,,,,,,,,,,,,,,,,,,,,,,,,,,,,,,,,,,,,,,,,,,,,,,,,,,,,,,,,,,,,,,,,,,,,,,,,,,,,,,,,,,,,,,,,,,,,,,,,,,,,,,
2024-09-26,2,99,1,2,90,11,0,2,23,3,1,19,2,5,55,288,34,2,1,8,0,4,0,13,0,0,48,18,5,0,16,5,14,1,151,359,0,36,8,1,0,1,4,0,1,14,22,243,0,1,0,0,1,90,1,1,198,14,1,36,8,0,9,0,6,5,5,24,5242,22283,0,40,9,8,3,16,1,20,23,36,45,11,1,5,27,0,34,0,0,6,5,5,3,1,0,1296,0,13,8,1,3,0,0,5,21,0,253,1633,0,4,28,2,,14,2,0,0,0,2296,1,2,4,0,2,0,35,0,5,7,5,12,1,2,5,1878,44,40,0,18,5,10,12,4,0,4,1,0,4,2,5,6,0,5,1,21,5,0,0,0,25,3,0,1,5,1,1,2,6,0,0,2,0,25,2,3,0,1,3,8,7,1,11,11,0,0,0,0,54,82,1316.0,28045.0,1231.0,30.0,2092.0,281.0,45.0,9.0,0.0,49.0,131.0,333.0,25.0,7.0,5967.0,3.0,9988.0,7.0,1.0,2145.0,328.0,1144.0,39.0,17.0,6.0,2.0,18.0,13.0,3.0,3.0,5.0,4.0,2.0,254.0,5.0,8.0,10165.0,8.0,2.0,4.0,2.0,820.0,212.0,298.0,49906.0,11.0,128.0,28.0,205.0,28824.0,0.0,34.0,11.0,18.0,4.0,11.0,13.0,135.0,67.0,7.0,6.0,11.0,29.0,1.0,0.0,0.0,5.0,2.0,0.0,4.0,6.0,0.0,0.0,0.0,3.0,6.0,8139.0,0.0,199.0,0.0,1.0,0.0,0.0,99.0,1.0,1.0,352.0,233.0,4.0,123.0,9.0,3.0,2.0,0.0,1.0,4.0,61.0,2849.0,34.0,914.0,1309.0,10.0,7.0,334.0,1506.0,40.0,132585.0,1189.0,30.0,39.0,31613.0,3.0,14.0,2779.0,1019.0,1734.0,718.0,26.0,1606.0,8907.0,389.0,464.0,2288.0,2027.0,19046.0,9361.0,83.0,3577.0,29.0,545.0,12.0,69.0,18.0,7745.0,77.0,10.0,22.0,1.0,3802.0,1997.0,393.0,161.0,5.0,86.0,5.0,72.0,864.0,13.0,2479.0,68.0,5.0,681.0,2165.0,84.0,148.0,5.0,81.0,13.0,5.0,2.0,74.0,5.0,2.0,15.0,330.0,4.0,2.0,146.0,2.0,272.0,395.0,1976.0,2.0,13.0,45.0,187.0,3826.0,608.0,383.0,25291.0,2.0,4.0,2167.0,1.0,64.0,9.0,56.0,35.0,37.0,10.0,557.0,173.0,2774.0,123.0,18.0,312.0,91.0,8818.0,111.0,3547.0,17.0,24.0,10.0,66.0,15953.0,160.0,2523.0,289.0,343.0,7.0,1.0,86.0,31.0,194.0,1363.0,5.0,1208.0,323.0,7268.0,5.0,17.0,317.0,375.0,9.0,455.0,9.0,3.0,4.0,447.0,203.0,315.0,25.0,17.0,47.0,14.0,233.0,739.0,8.0,647.0,456.0,7.0,19.0,184.0,151.0,16.0,12.0,1959.0,15271.0,48.0,2.0,48.0,140.0,65.0,56.0,594.0,10.0,3.0,0.0,8.0,4512.0,0.0,0.0,46.0,1137.0,144.0,773.0,4.0,65.0,10.0,6.0,882.0,14.0,2640.0,2.0,3520.0,220.0,1329.0,66.0,1613.0,74.0,183.0,24.0,12.0,7.0,2.0,72.0,0.0,576.0,117.0,441.0,1.0,4.0,2.0,681.0,6513.0,277.0,2.0,65.0,1.0,4255.0,0.0,423.0,0.0,4.0,6.0,2.0,196.0,0.0,243.0,45.0,31.0,2.0,1.0,14.0,42.0,1.0,0.0,100.0,5.0,1.0,0.0,3.0,2.0,0.0,11.0,147.0,2.0,324.0,10.0,2.0,0.0,0.0,10.0,9.0,317.0,3.0,3075.0,343.0,203.0,0.0,0.0,0.0,1.0,2.0,18.0,26.0,669.0,,,,,,,,,,,,
2024-09-27,2,99,1,2,90,11,0,2,23,3,1,19,2,5,55,288,34,2,1,8,0,4,0,13,0,0,48,18,5,0,17,5,14,1,151,359,0,36,8,1,0,1,4,0,1,14,22,243,0,1,0,0,1,89,1,1,198,14,1,36,8,0,9,0,6,5,5,24,5246,22344,0,40,9,8,3,16,1,20,23,36,45,11,1,5,27,0,34,0,0,6,5,5,3,1,0,1296,0,13,8,1,3,0,0,5,21,0,253,1633,0,4,28,2,,14,2,0,0,0,2302,1,2,4,0,2,0,37,0,5,7,5,12,1,2,5,1878,44,40,0,18,5,10,12,4,0,4,1,0,4,2,5,6,0,5,1,21,5,0,0,0,25,3,0,1,5,1,1,2,6,0,0,2,0,25,2,3,0,1,3,8,7,1,11,11,0,0,0,0,54,82,1317.0,28050.0,1231.0,30.0,2092.0,281.0,45.0,9.0,0.0,49.0,131.0,333.0,25.0,7.0,5967.0,3.0,9994.0,7.0,1.0,2153.0,329.0,1145.0,39.0,17.0,6.0,2.0,18.0,13.0,3.0,3.0,5.0,4.0,2.0,254.0,5.0,8.0,10166.0,8.0,2.0,4.0,2.0,820.0,213.0,298.0,49913.0,11.0,128.0,28.0,205.0,28840.0,0.0,34.0,11.0,18.0,4.0,11.0,13.0,135.0,67.0,7.0,6.0,11.0,29.0,1.0,0.0,0.0,5.0,2.0,0.0,4.0,6.0,0.0,0.0,0.0,3.0,6.0,8142.0,0.0,199.0,0.0,1.0,0.0,0.0,99.0,1.0,1.0,352.0,233.0,4.0,123.0,9.0,3.0,2.0,0.0,1.0,4.0,61.0,2849.0,34.0,914.0,1309.0,10.0,7.0,334.0,1506.0,40.0,132608.0,1189.0,30.0,39.0,31619.0,3.0,14.0,2779.0,1019.0,1734.0,718.0,26.0,1606.0,8907.0,389.0,464.0,2291.0,2027.0,19048.0,9372.0,83.0,3578.0,29.0,545.0,12.0,69.0,18.0,7752.0,77.0,10.0,22.0,1.0,3805.0,1998.0,393.0,161.0,5.0,86.0,5.0,72.0,865.0,13.0,2483.0,68.0,5.0,681.0,2165.0,84.0,148.0,5.0,81.0,13.0,5.0,2.0,74.0,5.0,2.0,15.0,331.0,4.0,2.0,146.0,2.0,272.0,395.0,1976.0,2.0,13.0,45.0,187.0,3826.0,609.0,383.0,25299.0,2.0,4.0,2170.0,1.0,64.0,9.0,56.0,35.0,37.0,10.0,557.0,173.0,2774.0,123.0,18.0,313.0,91.0,8818.0,111.0,3547.0,17.0,24.0,10.0,66.0,15957.0,159.0,2524.0,291.0,343.0,7.0,1.0,86.0,31.0,194.0,1364.0,5.0,1209.0,323.0,7276.0,5.0,17.0,317.0,375.0,9.0,455.0,9.0,3.0,4.0,447.0,204.0,315.0,25.0,17.0,47.0,14.0,233.0,740.0,8.0,648.0,457.0,7.0,19.0,184.0,151.0,16.0,12.0,1959.0,15283.0,48.0,2.0,48.0,140.0,65.0,56.0,594.0,10.0,3.0,0.0,8.0,4515.0,0.0,0.0,46.0,1137.0,145.0,773.0,4.0,65.0,10.0,6.0,883.0,14.0,2641.0,2.0,3520.0,220.0,1328.0,66.0,1615.0,74.0,183.0,24.0,12.0,7.0,2.0,72.0,0.0,577.0,117.0,442.0,1.0,4.0,2.0,681.0,6516.0,277.0,2.0,65.0,1.0,4256.0,0.0,423.0,0.0,4.0,6.0,2.0,196.0,0.0,243.0,45.0,31.0,2.0,1.0,14.0,42.0,1.0,0.0,100.0,5.0,1.0,0.0,3.0,2.0,0.0,11.0,147.0,2.0,324.0,10.0,2.0,0.0,0.0,10.0,9.0,329.0,3.0,3076.0,346.0,204.0,0.0,0.0,0.0,1.0,2.0,18.0,27.0,738.0,0.0,,,,,,,,,,,
2024-09-28,2,99,1,2,90,11,0,2,23,3,1,19,2,5,55,289,34,2,1,8,0,4,0,13,0,0,48,18,5,0,17,5,14,1,151,359,0,36,8,1,0,1,4,0,1,14,23,244,0,1,0,0,1,89,1,1,198,14,1,36,8,0,9,0,6,5,5,24,5249,22430,0,40,9,8,3,16,1,20,23,36,45,11,1,5,27,0,34,0,0,6,5,5,3,1,0,1297,0,13,8,1,3,0,0,5,21,0,253,1632,0,4,29,2,,14,2,0,0,0,2306,1,2,4,0,2,0,38,0,5,7,5,12,1,2,5,1879,44,40,0,18,5,10,12,4,0,4,1,0,4,2,5,6,0,5,1,21,5,0,0,0,25,3,0,1,5,1,1,2,6,0,0,2,0,25,2,3,0,1,3,8,7,1,11,11,0,0,0,0,55,82,1322.0,28060.0,1232.0,30.0,2092.0,281.0,45.0,9.0,0.0,49.0,131.0,334.0,25.0,7.0,5967.0,3.0,10022.0,7.0,1.0,2162.0,331.0,1145.0,39.0,17.0,6.0,2.0,18.0,13.0,3.0,3.0,5.0,4.0,2.0,254.0,5.0,8.0,10166.0,8.0,2.0,4.0,2.0,821.0,213.0,298.0,49940.0,11.0,128.0,28.0,205.0,28893.0,0.0,35.0,11.0,18.0,4.0,11.0,13.0,135.0,68.0,7.0,6.0,11.0,29.0,1.0,0.0,0.0,5.0,2.0,0.0,4.0,6.0,0.0,0.0,0.0,3.0,6.0,8144.0,0.0,199.0,0.0,1.0,0.0,0.0,99.0,1.0,1.0,352.0,233.0,4.0,123.0,9.0,3.0,2.0,0.0,1.0,4.0,61.0,2849.0,34.0,914.0,1310.0,10.0,7.0,334.0,1506.0,40.0,132661.0,1189.0,30.0,39.0,31632.0,3.0,14.0,2779.0,1019.0,1734.0,718.0,26.0,1606.0,8912.0,389.0,464.0,2293.0,2027.0,19053.0,9386.0,83.0,3581.0,29.0,545.0,12.0,69.0,18.0,7753.0,77.0,10.0,22.0,1.0,3816.0,2003.0,393.0,162.0,5.0,86.0,5.0,72.0,865.0,13.0,2484.0,68.0,5.0,682.0,2166.0,85.0,148.0,5.0,81.0,13.0,5.0,2.0,74.0,5.0,2.0,16.0,331.0,4.0,2.0,147.0,2.0,273.0,395.0,1978.0,2.0,13.0,45.0,187.0,3829.0,610.0,383.0,25306.0,2.0,4.0,2172.0,1.0,64.0,9.0,56.0,36.0,37.0,11.0,557.0,173.0,2776.0,124.0,18.0,314.0,91.0,8821.0,112.0,3551.0,17.0,24.0,10.0,66.0,15964.0,161.0,2527.0,293.0,343.0,7.0,1.0,86.0,31.0,195.0,1365.0,5.0,1211.0,325.0,7285.0,6.0,17.0,318.0,376.0,9.0,455.0,9.0,3.0,4.0,447.0,205.0,316.0,26.0,17.0,47.0,14.0,233.0,741.0,8.0,650.0,460.0,7.0,19.0,185.0,151.0,16.0,13.0,1961.0,15298.0,48.0,2.0,49.0,143.0,65.0,56.0,595.0,10.0,3.0,0.0,8.0,4521.0,0.0,0.0,48.0,1141.0,145.0,775.0,4.0,65.0,10.0,6.0,885.0,14.0,2645.0,2.0,3520.0,221.0,1330.0,67.0,1618.0,74.0,183.0,25.0,12.0,7.0,2.0,72.0,0.0,579.0,117.0,442.0,1.0,4.0,2.0,685.0,6529.0,278.0,2.0,66.0,1.0,4261.0,0.0,425.0,1.0,5.0,6.0,2.0,198.0,0.0,244.0,47.0,32.0,2.0,1.0,15.0,44.0,1.0,0.0,101.0,6.0,2.0,1.0,4.0,3.0,1.0,12.0,148.0,3.0,325.0,12.0,3.0,1.0,1.0,11.0,10.0,336.0,3.0,3082.0,348.0,206.0,1.0,1.0,1.0,2.0,3.0,19.0,29.0,804.0,1.0,,,,,,,,,,,
2024-09-29,2,99,1,2,90,11,0,2,23,3,1,19,2,5,55,289,34,2,1,8,0,4,0,13,0,0,48,18,5,0,17,5,14,1,151,359,0,36,8,1,0,1,4,0,1,14,23,244,0,1,0,0,1,89,1,1,198,14,1,36,8,0,9,0,6,5,5,24,5255,22484,0,40,9,8,3,16,1,20,23,36,45,11,1,5,27,0,34,0,0,6,5,5,3,1,0,1297,0,13,8,1,3,0,0,5,21,0,253,1633,0,4,29,2,,14,2,0,0,0,2308,1,2,4,0,2,1,39,0,5,7,5,12,1,2,5,1880,44,40,0,18,5,10,12,4,0,4,1,0,4,2,5,6,0,5,1,21,5,0,0,0,25,3,0,1,5,1,1,2,6,0,0,2,0,25,2,3,0,1,3,8,7,1,11,11,0,0,0,0,55,83,1323.0,28065.0,1232.0,30.0,2092.0,281.0,45.0,9.0,0.0,49.0,131.0,335.0,25.0,7.0,5967.0,3.0,10070.0,7.0,1.0,2174.0,334.0,1145.0,39.0,17.0,6.0,2.0,18.0,13.0,3.0,3.0,5.0,4.0,2.0,254.0,5.0,8.0,10170.0,8.0,2.0,4.0,2.0,823.0,213.0,298.0,49953.0,11.0,129.0,28.0,205.0,28924.0,0.0,35.0,11.0,18.0,4.0,11.0,13.0,136.0,68.0,7.0,6.0,11.0,29.0,1.0,0.0,0.0,5.0,2.0,0.0,4.0,6.0,0.0,0.0,0.0,3.0,6.0,8146.0,0.0,199.0,0.0,1.0,0.0,0.0,99.0,1.0,1.0,352.0,233.0,4.0,123.0,9.0,3.0,2.0,0.0,1.0,4.0,61.0,2849.0,34.0,914.0,1310.0,10.0,7.0,334.0,1506.0,40.0,132700.0,1189.0,30.0,39.0,31640.0,3.0,14.0,2779.0,1019.0,1734.0,718.0,26.0,1606.0,8914.0,389.0,464.0,2295.0,2027.0,19057.0,9459.0,83.0,3582.0,29.0,545.0,12.0,69.0,18.0,7752.0,77.0,10.0,22.0,1.0,3817.0,2003.0,393.0,162.0,5.0,86.0,5.0,72.0,865.0,13.0,2484.0,68.0,5.0,683.0,2166.0,85.0,148.0,5.0,81.0,13.0,5.0,2.0,74.0,5.0,2.0,16.0,331.0,4.0,2.0,148.0,2.0,273.0,395.0,1978.0,2.0,13.0,45.0,187.0,3830.0,610.0,384.0,25321.0,2.0,4.0,2172.0,1.0,64.0,9.0,56.0,36.0,37.0,11.0,557.0,173.0,2778.0,124.0,18.0,315.0,91.0,8825.0,112.0,3552.0,17.0,24.0,10.0,66.0,15974.0,161.0,2527.0,294.0,343.0,7.0,1.0,86.0,31.0,195.0,1366.0,5.0,1212.0,325.0,7295.0,6.0,17.0,318.0,376.0,9.0,455.0,9.0,3.0,4.0,447.0,205.0,316.0,26.0,17.0,47.0,14.0,233.0,741.0,8.0,651.0,460.0,7.0,19.0,185.0,151.0,16.0,13.0,1961.0,15308.0,48.0,2.0,49.0,143.0,65.0,56.0,595.0,10.0,3.0,0.0,8.0,4523.0,0.0,0.0,48.0,1144.0,145.0,775.0,4.0,65.0,10.0,6.0,885.0,14.0,2646.0,2.0,3521.0,221.0,1330.0,67.0,1619.0,74.0,183.0,25.0,12.0,7.0,2.0,72.0,0.0,579.0,117.0,442.0,1.0,4.0,2.0,685.0,6531.0,279.0,2.0,66.0,1.0,4263.0,0.0,426.0,1.0,6.0,6.0,2.0,198.0,0.0,244.0,47.0,33.0,2.0,1.0,15.0,44.0,1.0,0.0,101.0,6.0,2.0,1.0,4.0,3.0,1.0,12.0,148.0,3.0,325.0,12.0,3.0,1.0,1.0,11.0,10.0,338.0,3.0,3087.0,353.0,208.0,1.0,1.0,1.0,2.0,3.0,19.0,31.0,823.0,1.0,,,,,,,,,,,
2024-09-30,2,99,1,2,90,11,0,2,23,3,1,19,2,5,55,289,34,2,1,8,0,4,0,13,0,0,48,18,5,0,17,5,14,1,151,359,0,36,8,1,0,1,4,0,1,14,23,244,0,1,0,0,1,90,1,1,198,14,1,36,8,0,9,0,6,5,5,24,5259,22608,0,40,9,8,3,16,1,20,23,36,45,11,1,5,27,0,34,0,0,6,5,5,3,1,0,1299,0,13,8,1,3,0,0,5,21,0,253,1633,0,4,29,2,,14,2,0,0,0,2310,1,2,4,0,2,1,40,0,5,7,5,12,1,2,5,1880,44,40,0,18,5,10,12,4,0,4,1,0,4,2,5,6,0,5,1,21,5,0,0,0,25,3,0,1,5,1,1,2,6,0,0,2,0,25,2,3,0,1,3,8,7,1,11,11,0,0,0,0,55,83,1326.0,28069.0,1232.0,30.0,2094.0,281.0,45.0,9.0,0.0,49.0,131.0,335.0,25.0,7.0,5968.0,3.0,10120.0,7.0,1.0,2184.0,334.0,1147.0,39.0,17.0,6.0,2.0,18.0,13.0,3.0,3.0,5.0,4.0,2.0,254.0,5.0,8.0,10171.0,8.0,2.0,4.0,2.0,824.0,213.0,298.0,49966.0,11.0,129.0,28.0,205.0,28952.0,0.0,35.0,11.0,18.0,4.0,11.0,13.0,136.0,68.0,7.0,6.0,11.0,29.0,1.0,0.0,0.0,5.0,2.0,0.0,4.0,6.0,0.0,0.0,0.0,3.0,6.0,8147.0,0.0,199.0,0.0,1.0,0.0,0.0,99.0,1.0,1.0,352.0,233.0,4.0,123.0,9.0,3.0,2.0,0.0,1.0,4.0,61.0,2849.0,34.0,914.0,1310.0,10.0,7.0,334.0,1506.0,40.0,132743.0,1189.0,30.0,39.0,31648.0,3.0,14.0,2779.0,1019.0,1734.0,718.0,26.0,1606.0,8919.0,389.0,464.0,2298.0,2027.0,19057.0,9549.0,83.0,3583.0,29.0,545.0,12.0,69.0,18.0,7755.0,77.0,10.0,22.0,1.0,3818.0,2007.0,393.0,162.0,5.0,86.0,5.0,72.0,867.0,13.0,2488.0,68.0,5.0,683.0,2170.0,85.0,149.0,5.0,81.0,13.0,5.0,2.0,74.0,5.0,2.0,16.0,331.0,4.0,2.0,148.0,2.0,273.0,395.0,1978.0,2.0,13.0,45.0,188.0,3831.0,611.0,385.0,25339.0,2.0,4.0,2172.0,1.0,64.0,9.0,56.0,36.0,37.0,11.0,557.0,173.0,2782.0,124.0,18.0,315.0,91.0,8833.0,112.0,3553.0,17.0,24.0,10.0,66.0,15981.0,161.0,2528.0,296.0,343.0,7.0,1.0,86.0,31.0,195.0,1366.0,5.0,1212.0,325.0,7303.0,6.0,17.0,318.0,376.0,9.0,455.0,9.0,3.0,4.0,447.0,205.0,316.0,26.0,17.0,47.0,14.0,234.0,741.0,8.0,655.0,461.0,7.0,19.0,185.0,151.0,16.0,13.0,1964.0,15319.0,48.0,2.0,49.0,143.0,65.0,56.0,595.0,10.0,3.0,0.0,8.0,4523.0,0.0,0.0,49.0,1145.0,145.0,774.0,4.0,65.0,10.0,6.0,885.0,14.0,2647.0,2.0,3525.0,222.0,1330.0,67.0,1620.0,74.0,183.0,25.0,12.0,7.0,2.0,72.0,0.0,580.0,117.0,442.0,1.0,4.0,2.0,685.0,6535.0,280.0,2.0,66.0,1.0,4264.0,0.0,427.0,1.0,6.0,7.0,2.0,198.0,0.0,245.0,47.0,33.0,2.0,1.0,15.0,45.0,1.0,0.0,101.0,6.0,2.0,1.0,4.0,3.0,1.0,12.0,148.0,3.0,325.0,12.0,3.0,1.0,1.0,11.0,10.0,341.0,3.0,3093.0,353.0,209.0,1.0,1.0,1.0,2.0,3.0,19.0,31.0,841.0,1.0,0.0,,,,,,,,,,
2024-10-01,2,99,1,2,90,11,0,2,23,3,1,19,2,5,55,290,34,2,1,8,0,4,0,13,0,0,48,18,5,0,17,5,14,1,151,359,0,36,8,1,0,1,4,0,1,14,23,244,0,1,0,0,1,90,1,1,198,14,1,36,8,0,9,0,6,5,5,24,5262,22682,0,40,9,8,3,16,1,20,23,36,45,11,1,5,27,0,34,0,0,6,5,5,3,1,0,1299,0,13,8,1,3,0,0,5,21,0,253,1633,0,4,29,2,,14,2,0,0,0,2310,1,2,4,0,2,1,41,0,5,7,5,12,1,2,5,1881,44,40,0,18,5,10,12,4,0,4,1,0,4,2,5,6,0,5,1,21,5,0,0,0,25,4,0,1,5,1,1,2,6,0,0,2,0,25,2,3,0,1,3,8,7,1,11,11,0,0,0,0,55,83,1329.0,28078.0,1232.0,30.0,2096.0,281.0,45.0,9.0,0.0,49.0,131.0,335.0,25.0,7.0,5968.0,3.0,10147.0,7.0,1.0,2189.0,335.0,1147.0,39.0,17.0,6.0,2.0,18.0,13.0,3.0,3.0,5.0,4.0,2.0,254.0,5.0,8.0,10172.0,8.0,2.0,4.0,2.0,824.0,213.0,298.0,49980.0,11.0,129.0,28.0,205.0,29052.0,0.0,35.0,11.0,18.0,4.0,11.0,13.0,136.0,69.0,7.0,6.0,11.0,29.0,1.0,0.0,0.0,5.0,2.0,0.0,4.0,6.0,0.0,0.0,0.0,3.0,6.0,8150.0,0.0,199.0,0.0,1.0,0.0,0.0,99.0,1.0,1.0,352.0,232.0,4.0,123.0,9.0,3.0,2.0,0.0,1.0,4.0,61.0,2849.0,34.0,914.0,1311.0,10.0,7.0,334.0,1506.0,40.0,132789.0,1189.0,30.0,39.0,31655.0,3.0,14.0,2779.0,1019.0,1734.0,718.0,26.0,1606.0,8920.0,389.0,464.0,2299.0,2028.0,19067.0,9563.0,83.0,3585.0,29.0,545.0,12.0,69.0,18.0,7759.0,77.0,10.0,22.0,1.0,3820.0,2010.0,393.0,162.0,5.0,86.0,5.0,72.0,868.0,13.0,2492.0,68.0,5.0,685.0,2172.0,85.0,149.0,5.0,81.0,13.0,5.0,2.0,74.0,5.0,2.0,16.0,331.0,4.0,2.0,148.0,2.0,273.0,395.0,1978.0,2.0,13.0,45.0,188.0,3832.0,611.0,385.0,25357.0,2.0,4.0,2174.0,1.0,64.0,9.0,56.0,36.0,37.0,11.0,557.0,173.0,2784.0,124.0,18.0,316.0,91.0,8840.0,113.0,3553.0,17.0,24.0,10.0,66.0,15991.0,160.0,2528.0,297.0,343.0,7.0,1.0,86.0,31.0,195.0,1368.0,5.0,1212.0,325.0,7310.0,6.0,17.0,318.0,376.0,9.0,455.0,9.0,3.0,4.0,447.0,205.0,316.0,26.0,17.0,47.0,14.0,234.0,741.0,8.0,656.0,463.0,7.0,19.0,185.0,151.0,16.0,13.0,1968.0,15336.0,48.0,2.0,49.0,143.0,65.0,56.0,596.0,10.0,3.0,0.0,8.0,4525.0,0.0,0.0,49.0,1148.0,145.0,776.0,4.0,65.0,10.0,6.0,886.0,14.0,2651.0,2.0,3528.0,222.0,1331.0,68.0,1622.0,74.0,183.0,25.0,12.0,7.0,2.0,72.0,0.0,580.0,117.0,442.0,1.0,4.0,2.0,689.0,6545.0,280.0,2.0,66.0,1.0,4270.0,0.0,430.0,1.0,6.0,7.0,2.0,198.0,0.0,246.0,47.0,33.0,2.0,1.0,15.0,45.0,1.0,0.0,101.0,6.0,2.0,1.0,4.0,3.0,1.0,12.0,148.0,3.0,327.0,12.0,3.0,1.0,1.0,11.0,10.0,387.0,3.0,3102.0,366.0,213.0,1.0,1.0,1.0,2.0,3.0,19.0,31.0,853.0,1.0,1.0,28.0,1.0,1.0,1.0,1.0,,,,,
2024-10-02,2,99,1,2,90,11,0,2,23,3,1,19,2,5,55,291,34,2,1,8,0,4,0,13,0,0,48,18,5,0,17,5,14,1,151,359,0,36,8,1,0,1,4,0,1,14,23,244,0,1,0,0,1,91,1,1,199,14,1,36,8,0,9,0,6,5,5,24,5264,22738,0,40,9,8,3,16,1,20,23,36,46,11,1,5,27,0,34,0,0,6,5,5,3,1,0,1301,0,13,8,1,3,0,0,5,21,0,253,1633,0,4,29,2,,14,2,0,0,0,2313,1,2,4,0,2,1,41,0,5,7,5,12,1,2,5,1883,44,40,0,18,5,10,12,4,0,4,1,0,4,2,5,6,0,5,1,21,5,0,0,0,25,4,0,1,5,1,1,2,6,0,0,2,0,25,2,3,0,1,3,8,7,1,11,11,0,0,0,0,55,83,1330.0,28086.0,1232.0,30.0,2097.0,281.0,45.0,9.0,0.0,49.0,131.0,336.0,25.0,7.0,5968.0,3.0,10160.0,7.0,1.0,2197.0,335.0,1147.0,39.0,17.0,6.0,2.0,18.0,13.0,3.0,3.0,5.0,4.0,2.0,254.0,5.0,8.0,10172.0,8.0,2.0,4.0,2.0,825.0,213.0,298.0,49986.0,11.0,130.0,28.0,205.0,29223.0,0.0,35.0,11.0,18.0,4.0,11.0,13.0,136.0,70.0,7.0,6.0,11.0,29.0,1.0,0.0,0.0,5.0,2.0,0.0,4.0,6.0,0.0,0.0,0.0,3.0,6.0,8521.0,0.0,200.0,0.0,1.0,0.0,0.0,99.0,1.0,1.0,356.0,232.0,4.0,123.0,9.0,3.0,2.0,0.0,1.0,4.0,61.0,2849.0,34.0,914.0,1311.0,10.0,7.0,334.0,1506.0,40.0,132825.0,1189.0,30.0,39.0,31660.0,3.0,14.0,2779.0,1019.0,1734.0,718.0,26.0,1606.0,8922.0,389.0,464.0,2300.0,2028.0,19075.0,9572.0,83.0,3589.0,29.0,545.0,12.0,69.0,18.0,7764.0,78.0,10.0,22.0,1.0,3828.0,2014.0,393.0,162.0,5.0,86.0,5.0,72.0,868.0,13.0,2493.0,68.0,5.0,686.0,2174.0,85.0,149.0,5.0,81.0,13.0,5.0,2.0,74.0,5.0,2.0,16.0,331.0,4.0,2.0,148.0,2.0,273.0,396.0,1979.0,2.0,13.0,45.0,188.0,3834.0,611.0,386.0,25370.0,2.0,4.0,2177.0,1.0,64.0,9.0,56.0,36.0,37.0,11.0,557.0,173.0,2784.0,125.0,18.0,316.0,91.0,8846.0,113.0,3555.0,17.0,24.0,10.0,66.0,15994.0,160.0,2528.0,299.0,344.0,7.0,1.0,86.0,31.0,195.0,1368.0,5.0,1212.0,325.0,7314.0,6.0,17.0,319.0,376.0,9.0,455.0,9.0,3.0,4.0,447.0,205.0,316.0,26.0,17.0,47.0,14.0,234.0,746.0,8.0,656.0,463.0,7.0,19.0,185.0,151.0,16.0,13.0,1971.0,15343.0,48.0,2.0,49.0,143.0,65.0,56.0,597.0,10.0,3.0,0.0,8.0,4532.0,0.0,0.0,49.0,1151.0,145.0,777.0,4.0,65.0,10.0,6.0,886.0,14.0,2655.0,2.0,3538.0,222.0,1333.0,68.0,1624.0,74.0,184.0,25.0,12.0,7.0,2.0,72.0,0.0,580.0,117.0,444.0,1.0,4.0,2.0,689.0,6566.0,281.0,2.0,66.0,1.0,4278.0,0.0,431.0,1.0,6.0,7.0,2.0,198.0,0.0,246.0,47.0,33.0,2.0,1.0,15.0,45.0,1.0,0.0,101.0,6.0,2.0,1.0,4.0,3.0,1.0,12.0,148.0,3.0,328.0,12.0,3.0,1.0,1.0,11.0,10.0,398.0,3.0,3114.0,378.0,217.0,1.0,1.0,1.0,2.0,3.0,20.0,31.0,864.0,1.0,1.0,65.0,1.0,1.0,1.0,1.0,0.0,,,,
2024-10-03,2,99,1,2,90,11,0,2,23,3,1,19,2,5,55,291,34,2,1,8,0,4,0,13,0,0,48,18,5,0,17,5,14,1,151,359,0,36,8,1,0,1,4,0,1,14,23,244,0,1,0,0,1,91,1,1,199,14,1,36,8,0,9,0,6,5,5,24,5268,22775,0,40,9,8,3,16,1,20,23,36,46,11,1,5,27,0,34,0,0,6,5,5,3,1,0,1303,0,13,8,1,3,0,0,5,21,0,253,1635,0,4,29,2,,14,2,0,0,0,2324,1,2,4,0,2,1,41,0,5,7,5,12,1,2,5,1885,44,40,0,18,5,10,12,4,0,4,1,0,4,2,5,6,0,5,1,21,5,0,0,0,25,4,0,1,5,1,1,2,6,0,0,2,0,25,2,3,0,1,3,8,7,1,11,11,0,0,0,0,55,84,1335.0,28093.0,1232.0,30.0,2097.0,282.0,45.0,9.0,0.0,49.0,131.0,337.0,25.0,7.0,5968.0,3.0,10178.0,7.0,1.0,2201.0,336.0,1148.0,39.0,17.0,6.0,2.0,18.0,13.0,3.0,3.0,5.0,4.0,2.0,254.0,5.0,8.0,10171.0,8.0,2.0,4.0,2.0,826.0,213.0,298.0,49994.0,11.0,130.0,28.0,205.0,29379.0,0.0,35.0,11.0,18.0,4.0,11.0,13.0,136.0,70.0,7.0,6.0,11.0,29.0,1.0,0.0,0.0,5.0,2.0,0.0,4.0,6.0,0.0,0.0,0.0,3.0,6.0,8656.0,0.0,200.0,0.0,1.0,0.0,0.0,99.0,1.0,1.0,356.0,233.0,4.0,123.0,9.0,3.0,2.0,0.0,1.0,4.0,61.0,2850.0,34.0,914.0,1311.0,10.0,7.0,334.0,1506.0,40.0,132866.0,1189.0,30.0,39.0,31672.0,3.0,14.0,2780.0,1019.0,1734.0,718.0,26.0,1606.0,8926.0,389.0,464.0,2300.0,2028.0,19086.0,9583.0,83.0,3590.0,29.0,545.0,12.0,69.0,18.0,7765.0,78.0,10.0,22.0,1.0,3828.0,2015.0,393.0,162.0,5.0,86.0,5.0,72.0,870.0,13.0,2495.0,68.0,5.0,688.0,2173.0,85.0,149.0,5.0,81.0,13.0,5.0,2.0,74.0,5.0,2.0,16.0,331.0,4.0,2.0,148.0,2.0,273.0,396.0,1980.0,2.0,13.0,45.0,188.0,3836.0,611.0,386.0,25383.0,2.0,4.0,2181.0,1.0,64.0,9.0,56.0,36.0,37.0,11.0,557.0,173.0,2789.0,125.0,18.0,316.0,91.0,8849.0,113.0,3558.0,17.0,24.0,10.0,66.0,16001.0,160.0,2529.0,299.0,344.0,7.0,1.0,86.0,31.0,196.0,1369.0,5.0,1211.0,325.0,7320.0,6.0,17.0,319.0,376.0,9.0,455.0,9.0,3.0,4.0,448.0,205.0,316.0,26.0,17.0,47.0,14.0,236.0,747.0,8.0,658.0,463.0,7.0,19.0,185.0,151.0,16.0,13.0,1971.0,15350.0,48.0,2.0,49.0,143.0,65.0,56.0,597.0,10.0,3.0,0.0,8.0,4533.0,0.0,0.0,49.0,1153.0,145.0,780.0,4.0,65.0,10.0,6.0,886.0,14.0,2656.0,2.0,3544.0,222.0,1333.0,68.0,1624.0,74.0,184.0,25.0,12.0,7.0,2.0,72.0,0.0,581.0,118.0,444.0,1.0,4.0,2.0,690.0,6612.0,281.0,2.0,66.0,1.0,4292.0,0.0,431.0,1.0,6.0,7.0,2.0,198.0,0.0,246.0,48.0,34.0,2.0,1.0,15.0,46.0,1.0,0.0,101.0,6.0,2.0,1.0,4.0,3.0,1.0,12.0,148.0,3.0,328.0,12.0,3.0,1.0,1.0,11.0,10.0,408.0,3.0,3154.0,381.0,231.0,1.0,1.0,1.0,2.0,3.0,21.0,32.0,869.0,1.0,1.0,97.0,1.0,1.0,1.0,1.0,0.0,,,,
2024-10-04,2,99,1,2,90,11,0,2,23,3,1,19,2,5,55,292,34,2,1,8,0,4,0,13,0,0,48,18,5,0,17,5,14,1,151,359,0,36,8,1,0,1,4,0,1,14,23,244,0,1,0,0,1,91,1,1,199,14,1,36,8,0,9,0,6,5,5,24,5268,22818,0,40,9,8,3,16,1,20,23,36,47,11,1,5,27,0,34,0,0,6,5,5,3,1,0,1303,0,13,8,1,3,0,0,5,21,0,253,1636,0,4,29,2,,14,2,0,0,0,2327,1,2,4,0,2,1,41,1,5,7,5,12,1,2,5,1887,44,40,0,18,5,10,12,4,0,4,1,0,4,2,5,6,0,5,1,21,5,0,0,0,25,4,0,1,5,1,1,2,6,0,0,2,0,25,2,3,0,1,3,8,7,1,11,11,0,0,0,0,55,85,1351.0,28097.0,1232.0,30.0,2097.0,282.0,45.0,9.0,0.0,49.0,131.0,337.0,25.0,7.0,5968.0,3.0,10188.0,7.0,1.0,2204.0,337.0,1149.0,39.0,17.0,6.0,2.0,18.0,13.0,3.0,3.0,5.0,4.0,2.0,254.0,5.0,8.0,10173.0,8.0,2.0,4.0,2.0,827.0,214.0,298.0,50003.0,11.0,131.0,28.0,206.0,29431.0,0.0,35.0,11.0,18.0,4.0,11.0,13.0,137.0,71.0,7.0,6.0,11.0,29.0,1.0,0.0,0.0,5.0,2.0,0.0,4.0,6.0,0.0,0.0,0.0,3.0,6.0,8710.0,0.0,200.0,0.0,1.0,0.0,0.0,99.0,1.0,1.0,356.0,233.0,4.0,123.0,9.0,3.0,2.0,0.0,1.0,4.0,61.0,2850.0,34.0,915.0,1311.0,10.0,7.0,334.0,1506.0,40.0,132906.0,1189.0,30.0,39.0,31680.0,3.0,14.0,2780.0,1019.0,1734.0,718.0,26.0,1606.0,8930.0,389.0,464.0,2301.0,2028.0,19089.0,9595.0,83.0,3589.0,29.0,545.0,12.0,69.0,18.0,7768.0,78.0,10.0,22.0,1.0,3833.0,2020.0,393.0,162.0,5.0,86.0,5.0,72.0,871.0,13.0,2497.0,68.0,5.0,688.0,2172.0,85.0,149.0,5.0,81.0,13.0,5.0,2.0,74.0,5.0,2.0,16.0,331.0,4.0,2.0,148.0,2.0,274.0,396.0,1983.0,2.0,13.0,45.0,188.0,3837.0,612.0,388.0,25396.0,2.0,4.0,2182.0,1.0,64.0,9.0,56.0,36.0,37.0,11.0,557.0,173.0,2791.0,125.0,18.0,317.0,91.0,8855.0,113.0,3559.0,17.0,24.0,10.0,66.0,16006.0,160.0,2531.0,300.0,344.0,7.0,1.0,86.0,31.0,196.0,1369.0,5.0,1211.0,325.0,7323.0,6.0,17.0,319.0,376.0,9.0,455.0,9.0,3.0,4.0,449.0,205.0,317.0,26.0,17.0,47.0,14.0,237.0,748.0,8.0,661.0,464.0,7.0,19.0,185.0,151.0,16.0,13.0,1970.0,15355.0,48.0,2.0,49.0,143.0,65.0,56.0,598.0,10.0,3.0,0.0,8.0,4536.0,0.0,0.0,49.0,1153.0,145.0,781.0,4.0,65.0,10.0,6.0,886.0,14.0,2659.0,2.0,3546.0,222.0,1334.0,68.0,1625.0,74.0,184.0,25.0,12.0,7.0,2.0,72.0,0.0,583.0,118.0,443.0,1.0,4.0,2.0,693.0,6640.0,281.0,2.0,66.0,1.0,4299.0,0.0,432.0,1.0,6.0,7.0,2.0,198.0,0.0,246.0,48.0,34.0,2.0,1.0,15.0,47.0,1.0,0.0,101.0,6.0,2.0,1.0,4.0,3.0,1.0,12.0,148.0,3.0,328.0,12.0,3.0,1.0,1.0,11.0,10.0,412.0,3.0,3177.0,383.0,235.0,1.0,1.0,1.0,2.0,3.0,21.0,32.0,871.0,1.0,2.0,111.0,1.0,1.0,1.0,1.0,0.0,0.0,0.0,,
2024-10-05,2,99,1,2,90,11,0,2,23,3,1,19,2,5,55,292,34,2,1,8,0,4,0,13,0,0,48,18,5,0,17,5,14,1,151,359,0,36,8,1,0,1,4,0,1,14,23,244,0,1,0,0,1,91,1,1,200,14,1,36,8,0,9,0,6,5,5,24,5273,22848,0,40,9,8,3,16,1,20,23,36,47,11,1,5,27,0,34,0,0,6,5,5,3,1,0,1302,0,13,8,1,3,0,0,5,21,0,253,1638,0,4,29,2,,14,2,0,0,0,2329,1,2,4,0,2,1,41,1,6,7,5,12,1,2,5,1889,44,40,0,18,5,10,12,4,0,4,1,0,4,2,5,6,0,5,1,21,5,0,0,0,25,4,0,1,5,1,1,2,6,0,0,2,0,25,2,3,0,1,3,8,7,1,11,11,0,0,0,0,55,85,1352.0,28102.0,1232.0,30.0,2098.0,283.0,45.0,9.0,0.0,49.0,131.0,337.0,25.0,7.0,5968.0,3.0,10198.0,7.0,1.0,2207.0,337.0,1150.0,39.0,17.0,6.0,2.0,18.0,13.0,3.0,3.0,5.0,4.0,2.0,255.0,5.0,8.0,10174.0,8.0,2.0,4.0,2.0,827.0,214.0,298.0,50001.0,12.0,131.0,28.0,207.0,29483.0,0.0,35.0,11.0,18.0,4.0,11.0,14.0,137.0,71.0,7.0,6.0,11.0,29.0,1.0,0.0,0.0,5.0,2.0,0.0,4.0,6.0,0.0,0.0,0.0,3.0,6.0,8720.0,0.0,200.0,0.0,1.0,0.0,0.0,100.0,1.0,2.0,356.0,233.0,4.0,123.0,9.0,3.0,2.0,0.0,1.0,4.0,61.0,2850.0,34.0,915.0,1312.0,10.0,7.0,334.0,1506.0,40.0,132926.0,1189.0,30.0,39.0,31685.0,3.0,14.0,2780.0,1019.0,1734.0,718.0,26.0,1606.0,8933.0,389.0,464.0,2303.0,2028.0,19092.0,9604.0,83.0,3589.0,29.0,545.0,12.0,69.0,18.0,7771.0,78.0,10.0,22.0,1.0,3835.0,2020.0,393.0,162.0,5.0,86.0,5.0,72.0,872.0,13.0,2498.0,68.0,5.0,688.0,2172.0,85.0,149.0,5.0,81.0,13.0,5.0,2.0,75.0,5.0,2.0,16.0,331.0,4.0,2.0,148.0,2.0,274.0,396.0,1983.0,2.0,13.0,45.0,188.0,3837.0,612.0,388.0,25406.0,2.0,4.0,2182.0,1.0,64.0,9.0,56.0,36.0,37.0,11.0,557.0,173.0,2792.0,125.0,18.0,317.0,91.0,8861.0,113.0,3563.0,17.0,24.0,10.0,66.0,16011.0,160.0,2531.0,300.0,344.0,7.0,1.0,86.0,31.0,197.0,1370.0,5.0,1211.0,326.0,7328.0,6.0,17.0,320.0,376.0,9.0,455.0,9.0,3.0,4.0,449.0,205.0,316.0,26.0,17.0,47.0,14.0,237.0,749.0,8.0,662.0,466.0,7.0,19.0,186.0,151.0,16.0,13.0,1971.0,15369.0,48.0,2.0,49.0,143.0,65.0,56.0,600.0,10.0,3.0,0.0,8.0,4537.0,0.0,0.0,49.0,1154.0,145.0,781.0,4.0,65.0,10.0,6.0,887.0,14.0,2662.0,2.0,3548.0,223.0,1334.0,68.0,1627.0,74.0,184.0,25.0,12.0,7.0,2.0,72.0,0.0,584.0,118.0,443.0,1.0,4.0,2.0,696.0,6651.0,282.0,2.0,66.0,1.0,4300.0,0.0,432.0,1.0,6.0,7.0,2.0,198.0,0.0,246.0,49.0,34.0,2.0,1.0,15.0,47.0,1.0,0.0,101.0,6.0,2.0,1.0,4.0,3.0,1.0,12.0,149.0,3.0,328.0,12.0,3.0,1.0,1.0,11.0,10.0,412.0,3.0,3180.0,384.0,237.0,1.0,1.0,1.0,2.0,3.0,21.0,32.0,879.0,1.0,2.0,121.0,1.0,1.0,1.0,1.0,0.0,0.0,1.0,0.0,
2024-10-06,2,99,1,2,90,11,0,2,23,3,1,19,2,5,55,292,34,2,1,8,0,4,0,13,0,0,48,18,5,0,17,5,14,1,151,359,0,36,8,1,0,1,4,0,1,14,23,244,0,1,0,0,1,91,1,1,200,14,1,36,8,0,9,0,6,5,5,24,5276,22890,0,40,9,8,3,16,1,20,23,36,46,11,1,5,27,0,34,0,0,6,5,5,3,1,0,1303,0,13,8,1,3,0,0,5,21,0,253,1638,0,4,29,2,,14,2,0,0,0,2331,1,2,4,0,2,1,41,1,6,7,5,12,1,2,5,1888,44,40,0,18,5,10,12,4,0,4,1,0,4,2,5,5,0,5,1,21,5,0,0,0,25,4,0,1,5,1,1,2,6,0,0,2,0,25,2,3,0,1,3,8,7,1,11,11,0,0,0,0,55,85,1355.0,28105.0,1232.0,30.0,2101.0,284.0,45.0,9.0,0.0,50.0,131.0,338.0,25.0,7.0,5967.0,3.0,10207.0,7.0,1.0,2213.0,337.0,1150.0,39.0,17.0,6.0,2.0,18.0,13.0,3.0,3.0,5.0,4.0,2.0,255.0,5.0,8.0,10173.0,8.0,2.0,4.0,2.0,827.0,214.0,298.0,50014.0,12.0,131.0,28.0,208.0,29523.0,0.0,35.0,11.0,18.0,4.0,11.0,14.0,138.0,72.0,7.0,6.0,11.0,29.0,1.0,0.0,0.0,5.0,2.0,0.0,4.0,6.0,0.0,0.0,0.0,3.0,6.0,8718.0,0.0,200.0,0.0,1.0,0.0,0.0,100.0,1.0,2.0,356.0,233.0,4.0,123.0,9.0,3.0,2.0,0.0,1.0,4.0,61.0,2850.0,34.0,915.0,1312.0,10.0,7.0,334.0,1506.0,40.0,132951.0,1189.0,30.0,39.0,31698.0,3.0,14.0,2780.0,1020.0,1734.0,718.0,26.0,1606.0,8936.0,389.0,464.0,2303.0,2028.0,19094.0,9608.0,83.0,3589.0,29.0,545.0,12.0,69.0,18.0,7776.0,78.0,10.0,22.0,1.0,3835.0,2022.0,392.0,162.0,5.0,86.0,5.0,72.0,872.0,13.0,2497.0,68.0,5.0,689.0,2172.0,85.0,149.0,5.0,81.0,13.0,5.0,2.0,75.0,5.0,2.0,16.0,331.0,4.0,2.0,148.0,2.0,274.0,396.0,1983.0,2.0,13.0,45.0,188.0,3838.0,612.0,388.0,25411.0,2.0,4.0,2181.0,1.0,64.0,9.0,56.0,36.0,37.0,11.0,557.0,173.0,2796.0,125.0,18.0,317.0,91.0,8862.0,113.0,3565.0,17.0,24.0,10.0,66.0,16014.0,160.0,2532.0,300.0,344.0,7.0,1.0,86.0,31.0,197.0,1370.0,5.0,1212.0,326.0,7332.0,6.0,17.0,320.0,377.0,9.0,455.0,9.0,3.0,4.0,449.0,205.0,316.0,26.0,17.0,47.0,14.0,237.0,750.0,8.0,664.0,467.0,7.0,19.0,186.0,151.0,16.0,13.0,1971.0,15384.0,48.0,2.0,49.0,145.0,65.0,56.0,601.0,10.0,3.0,0.0,8.0,4539.0,0.0,0.0,49.0,1154.0,145.0,782.0,4.0,65.0,10.0,6.0,887.0,14.0,2663.0,2.0,3550.0,223.0,1335.0,68.0,1629.0,74.0,184.0,25.0,12.0,7.0,2.0,72.0,0.0,586.0,119.0,443.0,1.0,4.0,2.0,697.0,6660.0,282.0,2.0,66.0,1.0,4304.0,0.0,434.0,1.0,6.0,7.0,2.0,198.0,0.0,246.0,49.0,34.0,2.0,1.0,15.0,47.0,1.0,0.0,101.0,6.0,2.0,1.0,4.0,3.0,1.0,12.0,150.0,3.0,329.0,12.0,3.0,1.0,1.0,11.0,10.0,416.0,3.0,3184.0,384.0,241.0,1.0,1.0,1.0,2.0,3.0,22.0,33.0,896.0,1.0,2.0,121.0,1.0,1.0,1.0,1.0,0.0,0.0,1.0,0.0,
2024-10-07,2,99,1,2,90,11,0,2,23,3,1,19,2,5,55,292,34,2,1,8,0,4,0,13,0,0,48,18,5,0,17,5,14,1,151,359,0,36,8,1,0,1,4,0,1,14,23,244,0,1,0,0,1,91,1,1,200,14,1,36,8,0,9,0,6,5,5,24,5282,22939,0,40,9,8,3,16,1,20,23,36,46,11,1,5,27,0,34,0,0,6,5,5,3,1,0,1303,0,13,8,1,3,0,0,5,21,0,253,1638,0,4,29,2,,14,2,0,0,0,2336,1,2,4,0,2,1,42,1,6,7,5,12,1,2,5,1891,44,41,0,18,5,10,12,4,0,4,1,0,4,2,5,5,0,5,1,21,5,0,0,0,25,4,0,1,5,1,1,2,6,0,0,2,0,25,2,3,0,1,3,8,7,1,11,11,0,0,0,0,56,85,1356.0,28110.0,1233.0,30.0,2102.0,284.0,45.0,9.0,0.0,50.0,131.0,338.0,25.0,7.0,5968.0,3.0,10215.0,7.0,1.0,2217.0,337.0,1152.0,39.0,17.0,6.0,2.0,18.0,13.0,3.0,3.0,5.0,4.0,2.0,255.0,5.0,8.0,10174.0,8.0,2.0,4.0,2.0,827.0,214.0,298.0,50029.0,12.0,131.0,28.0,209.0,29572.0,0.0,35.0,11.0,18.0,4.0,11.0,14.0,139.0,72.0,7.0,6.0,11.0,29.0,1.0,0.0,0.0,5.0,2.0,0.0,4.0,6.0,0.0,0.0,0.0,3.0,6.0,8721.0,0.0,200.0,0.0,1.0,0.0,0.0,100.0,1.0,2.0,356.0,233.0,4.0,123.0,9.0,3.0,2.0,0.0,1.0,4.0,61.0,2850.0,34.0,915.0,1312.0,10.0,7.0,334.0,1506.0,40.0,132998.0,1189.0,30.0,39.0,31702.0,3.0,14.0,2780.0,1020.0,1734.0,718.0,26.0,1606.0,8942.0,389.0,464.0,2304.0,2028.0,19100.0,9618.0,83.0,3589.0,29.0,545.0,12.0,69.0,18.0,7777.0,78.0,10.0,22.0,1.0,3836.0,2025.0,392.0,162.0,5.0,86.0,5.0,72.0,872.0,13.0,2499.0,68.0,5.0,689.0,2172.0,85.0,149.0,5.0,81.0,13.0,5.0,2.0,75.0,5.0,2.0,16.0,331.0,4.0,2.0,148.0,2.0,275.0,396.0,1983.0,2.0,13.0,45.0,188.0,3841.0,612.0,388.0,25426.0,2.0,4.0,2182.0,1.0,64.0,9.0,56.0,36.0,37.0,11.0,557.0,173.0,2799.0,125.0,18.0,317.0,91.0,8865.0,113.0,3565.0,17.0,24.0,10.0,66.0,16022.0,160.0,2533.0,301.0,344.0,7.0,1.0,86.0,31.0,198.0,1371.0,5.0,1212.0,326.0,7335.0,6.0,17.0,320.0,377.0,9.0,456.0,9.0,3.0,4.0,452.0,205.0,317.0,26.0,17.0,47.0,14.0,237.0,751.0,8.0,665.0,467.0,7.0,19.0,186.0,151.0,16.0,13.0,1971.0,15401.0,48.0,2.0,49.0,145.0,65.0,56.0,601.0,10.0,3.0,0.0,8.0,4542.0,0.0,0.0,49.0,1155.0,146.0,784.0,4.0,65.0,10.0,6.0,887.0,14.0,2663.0,2.0,3551.0,223.0,1335.0,68.0,1630.0,74.0,185.0,25.0,12.0,8.0,2.0,72.0,0.0,586.0,120.0,443.0,1.0,4.0,2.0,698.0,6672.0,282.0,2.0,66.0,1.0,4311.0,0.0,434.0,1.0,6.0,7.0,2.0,198.0,0.0,246.0,49.0,34.0,2.0,1.0,15.0,47.0,1.0,0.0,101.0,6.0,2.0,1.0,4.0,3.0,1.0,12.0,150.0,3.0,329.0,12.0,3.0,1.0,1.0,11.0,10.0,418.0,3.0,3187.0,386.0,242.0,1.0,1.0,1.0,2.0,3.0,22.0,34.0,904.0,1.0,2.0,121.0,1.0,1.0,1.0,1.0,0.0,0.0,1.0,1.0,
2024-10-08,2,99,1,2,90,11,0,2,23,3,1,19,2,5,55,293,34,2,1,8,0,4,0,13,0,0,48,18,5,0,17,5,14,1,151,360,0,36,8,1,0,1,4,0,1,14,23,244,0,1,0,0,1,92,1,1,200,14,1,36,8,0,9,0,6,5,5,24,5288,23011,0,40,9,8,3,16,1,20,23,36,46,11,1,5,27,0,34,0,0,6,5,5,3,1,0,1304,0,13,8,1,3,0,0,5,21,0,253,1639,0,4,29,2,,14,2,0,0,0,2340,1,2,4,0,2,1,42,1,6,7,5,12,1,2,5,1893,44,41,0,18,5,10,12,4,0,4,1,0,4,2,5,5,0,5,1,21,5,0,0,0,25,4,0,1,5,1,1,2,6,0,0,2,0,25,2,3,0,1,3,8,7,1,11,11,0,0,0,0,56,85,1356.0,28115.0,1233.0,30.0,2103.0,284.0,45.0,9.0,0.0,50.0,131.0,339.0,25.0,7.0,5970.0,3.0,10246.0,7.0,1.0,2223.0,337.0,1154.0,39.0,17.0,6.0,2.0,18.0,13.0,3.0,3.0,5.0,4.0,2.0,255.0,5.0,8.0,10175.0,8.0,2.0,4.0,2.0,829.0,214.0,298.0,50042.0,12.0,132.0,29.0,209.0,29649.0,0.0,35.0,11.0,18.0,4.0,11.0,14.0,140.0,73.0,7.0,6.0,11.0,29.0,1.0,0.0,0.0,5.0,2.0,0.0,4.0,6.0,0.0,0.0,0.0,3.0,6.0,8732.0,0.0,200.0,0.0,1.0,0.0,0.0,100.0,1.0,2.0,356.0,233.0,4.0,123.0,9.0,3.0,2.0,0.0,1.0,4.0,61.0,2852.0,34.0,915.0,1312.0,10.0,7.0,334.0,1506.0,40.0,133030.0,1189.0,30.0,39.0,31710.0,3.0,14.0,2780.0,1020.0,1734.0,718.0,26.0,1606.0,8948.0,389.0,464.0,2306.0,2028.0,19107.0,9627.0,83.0,3589.0,29.0,545.0,12.0,69.0,18.0,7782.0,78.0,10.0,22.0,1.0,3843.0,2024.0,392.0,162.0,5.0,86.0,5.0,72.0,873.0,13.0,2501.0,68.0,5.0,689.0,2172.0,85.0,149.0,5.0,81.0,13.0,5.0,2.0,75.0,5.0,2.0,16.0,331.0,4.0,2.0,148.0,2.0,276.0,396.0,1984.0,2.0,13.0,45.0,188.0,3843.0,612.0,388.0,25437.0,2.0,4.0,2184.0,1.0,64.0,9.0,56.0,36.0,37.0,11.0,557.0,173.0,2801.0,125.0,18.0,317.0,91.0,8870.0,113.0,3566.0,17.0,24.0,10.0,66.0,16029.0,160.0,2534.0,302.0,344.0,7.0,1.0,86.0,31.0,199.0,1370.0,5.0,1214.0,327.0,7339.0,6.0,17.0,321.0,379.0,9.0,456.0,9.0,3.0,4.0,454.0,205.0,317.0,26.0,17.0,47.0,14.0,238.0,751.0,8.0,666.0,467.0,7.0,19.0,186.0,151.0,16.0,13.0,1976.0,15421.0,48.0,2.0,49.0,145.0,65.0,56.0,602.0,10.0,3.0,0.0,8.0,4550.0,0.0,0.0,49.0,1157.0,146.0,786.0,4.0,65.0,10.0,6.0,887.0,14.0,2666.0,2.0,3552.0,223.0,1335.0,68.0,1630.0,74.0,185.0,25.0,12.0,8.0,2.0,72.0,0.0,589.0,120.0,443.0,1.0,4.0,2.0,702.0,6710.0,282.0,2.0,66.0,1.0,4318.0,0.0,436.0,1.0,6.0,7.0,2.0,197.0,0.0,246.0,49.0,34.0,2.0,1.0,15.0,48.0,1.0,0.0,101.0,6.0,2.0,1.0,4.0,3.0,1.0,12.0,152.0,3.0,329.0,12.0,3.0,1.0,1.0,11.0,10.0,422.0,3.0,3189.0,386.0,243.0,1.0,1.0,1.0,2.0,3.0,24.0,35.0,911.0,1.0,3.0,123.0,1.0,1.0,1.0,1.0,0.0,0.0,1.0,,
2024-10-09,2,99,1,2,90,11,0,2,23,3,1,19,2,5,55,296,34,2,1,8,0,4,0,13,0,0,48,18,5,0,17,5,14,1,151,360,0,36,8,1,0,1,4,0,1,14,23,244,0,1,0,0,1,93,1,1,200,14,1,36,8,0,9,0,6,5,5,24,5291,23155,0,40,9,8,3,16,1,20,23,36,46,11,1,5,27,0,34,0,0,7,5,5,3,1,0,1311,0,13,8,1,3,0,0,5,21,0,253,1639,0,4,29,2,,14,2,0,0,0,2341,1,2,4,0,2,1,42,1,6,7,5,12,1,2,5,1893,44,41,0,18,5,10,12,4,0,4,1,0,4,2,5,5,0,5,1,21,5,0,0,0,25,4,0,1,5,1,1,2,6,0,0,2,0,25,2,3,0,1,3,8,7,1,11,11,0,0,0,0,57,85,1357.0,28122.0,1233.0,30.0,2104.0,284.0,45.0,9.0,0.0,50.0,131.0,339.0,25.0,7.0,5970.0,3.0,10286.0,7.0,1.0,2231.0,337.0,1154.0,39.0,17.0,6.0,2.0,18.0,13.0,3.0,3.0,5.0,4.0,2.0,255.0,5.0,8.0,10177.0,8.0,2.0,4.0,2.0,831.0,214.0,298.0,50063.0,13.0,132.0,29.0,209.0,29789.0,0.0,35.0,11.0,18.0,4.0,11.0,14.0,142.0,73.0,7.0,6.0,11.0,29.0,1.0,0.0,0.0,5.0,2.0,0.0,4.0,6.0,0.0,0.0,0.0,3.0,6.0,8743.0,0.0,200.0,0.0,1.0,0.0,0.0,100.0,1.0,2.0,356.0,233.0,4.0,123.0,9.0,3.0,2.0,0.0,1.0,4.0,61.0,2852.0,34.0,915.0,1313.0,10.0,7.0,334.0,1506.0,40.0,133080.0,1189.0,30.0,39.0,31725.0,3.0,14.0,2780.0,1020.0,1734.0,718.0,26.0,1607.0,8957.0,389.0,464.0,2307.0,2028.0,19115.0,9643.0,83.0,3591.0,29.0,545.0,12.0,69.0,18.0,7788.0,78.0,10.0,22.0,1.0,3846.0,2025.0,392.0,162.0,5.0,86.0,5.0,72.0,873.0,13.0,2504.0,68.0,5.0,689.0,2173.0,85.0,149.0,5.0,81.0,13.0,5.0,2.0,75.0,5.0,2.0,16.0,331.0,4.0,2.0,148.0,2.0,276.0,397.0,1984.0,2.0,13.0,45.0,188.0,3842.0,613.0,388.0,25451.0,2.0,4.0,2186.0,1.0,64.0,9.0,56.0,36.0,37.0,11.0,557.0,173.0,2806.0,126.0,18.0,317.0,91.0,8880.0,114.0,3569.0,17.0,24.0,10.0,66.0,16036.0,160.0,2536.0,303.0,344.0,7.0,1.0,86.0,31.0,199.0,1370.0,5.0,1214.0,327.0,7343.0,6.0,17.0,321.0,380.0,9.0,456.0,9.0,3.0,4.0,454.0,205.0,317.0,26.0,17.0,47.0,14.0,239.0,752.0,8.0,671.0,468.0,7.0,19.0,186.0,151.0,16.0,13.0,1977.0,15451.0,48.0,2.0,49.0,145.0,65.0,56.0,603.0,10.0,3.0,0.0,8.0,4554.0,0.0,0.0,49.0,1159.0,147.0,786.0,4.0,66.0,10.0,6.0,887.0,14.0,2671.0,2.0,3553.0,223.0,1336.0,69.0,1630.0,74.0,185.0,25.0,12.0,8.0,2.0,72.0,0.0,596.0,120.0,443.0,1.0,4.0,2.0,705.0,6734.0,282.0,2.0,66.0,1.0,4325.0,0.0,435.0,1.0,6.0,7.0,2.0,197.0,0.0,246.0,49.0,34.0,2.0,1.0,15.0,48.0,1.0,0.0,102.0,6.0,2.0,1.0,4.0,3.0,1.0,12.0,153.0,3.0,330.0,12.0,3.0,1.0,1.0,11.0,10.0,424.0,3.0,3194.0,389.0,246.0,1.0,1.0,1.0,2.0,3.0,25.0,35.0,928.0,5.0,3.0,124.0,1.0,1.0,1.0,1.0,0.0,0.0,1.0,,
2024-10-10,2,99,1,2,90,11,0,2,23,3,1,19,2,5,55,297,34,2,1,8,0,4,0,13,0,0,48,18,5,0,17,5,14,1,151,360,0,36,8,1,0,1,4,0,1,14,23,244,0,1,0,0,1,93,1,1,200,14,1,36,8,0,9,0,6,5,5,24,5351,23291,0,40,9,8,3,16,1,20,23,36,46,11,1,5,27,0,34,0,0,7,5,5,3,1,0,1313,0,13,8,2,3,0,0,5,21,0,253,1639,0,4,29,2,,14,2,0,0,0,2342,1,2,4,0,2,1,42,1,6,7,5,12,1,2,5,1896,44,42,0,18,5,10,12,4,0,4,1,0,4,2,5,5,0,5,1,21,5,0,0,0,25,4,0,1,5,1,1,2,6,0,0,2,0,25,2,3,0,1,3,8,7,1,11,11,0,0,0,0,58,85,1359.0,28137.0,1233.0,30.0,2107.0,285.0,45.0,9.0,0.0,50.0,131.0,339.0,25.0,7.0,5970.0,3.0,10310.0,7.0,1.0,2239.0,340.0,1155.0,39.0,17.0,6.0,2.0,18.0,13.0,3.0,3.0,5.0,4.0,2.0,255.0,5.0,8.0,10176.0,8.0,2.0,4.0,2.0,833.0,214.0,298.0,50093.0,13.0,132.0,29.0,209.0,29968.0,0.0,35.0,11.0,18.0,4.0,11.0,14.0,143.0,74.0,7.0,6.0,11.0,29.0,1.0,0.0,0.0,5.0,2.0,0.0,4.0,6.0,0.0,0.0,0.0,3.0,6.0,8752.0,0.0,200.0,0.0,1.0,0.0,0.0,100.0,1.0,2.0,356.0,233.0,4.0,123.0,9.0,3.0,2.0,0.0,1.0,4.0,61.0,2853.0,34.0,915.0,1313.0,10.0,7.0,334.0,1506.0,40.0,133130.0,1189.0,30.0,39.0,31745.0,3.0,14.0,2780.0,1020.0,1734.0,718.0,26.0,1607.0,8968.0,389.0,464.0,2308.0,2028.0,19122.0,9654.0,83.0,3593.0,29.0,545.0,12.0,69.0,18.0,7790.0,78.0,10.0,22.0,1.0,3848.0,2026.0,392.0,162.0,5.0,86.0,5.0,72.0,876.0,13.0,2506.0,68.0,5.0,689.0,2175.0,85.0,149.0,5.0,81.0,13.0,5.0,2.0,75.0,5.0,2.0,16.0,331.0,4.0,2.0,148.0,2.0,279.0,397.0,1988.0,2.0,13.0,45.0,188.0,3842.0,613.0,388.0,25466.0,2.0,4.0,2186.0,1.0,64.0,9.0,56.0,36.0,37.0,11.0,557.0,173.0,2809.0,126.0,18.0,318.0,91.0,8884.0,114.0,3572.0,17.0,24.0,10.0,66.0,16048.0,160.0,2536.0,303.0,344.0,7.0,1.0,86.0,31.0,200.0,1371.0,5.0,1214.0,327.0,7349.0,6.0,17.0,322.0,380.0,9.0,456.0,9.0,3.0,4.0,454.0,205.0,317.0,26.0,17.0,47.0,14.0,240.0,753.0,8.0,672.0,468.0,7.0,19.0,186.0,151.0,16.0,13.0,1980.0,15468.0,48.0,2.0,49.0,145.0,65.0,56.0,603.0,10.0,3.0,0.0,8.0,4559.0,0.0,0.0,49.0,1159.0,147.0,788.0,4.0,66.0,10.0,6.0,889.0,14.0,2679.0,2.0,3554.0,223.0,1339.0,69.0,1630.0,74.0,185.0,25.0,12.0,8.0,2.0,72.0,0.0,597.0,120.0,445.0,1.0,4.0,2.0,708.0,6758.0,282.0,2.0,66.0,1.0,4331.0,0.0,435.0,1.0,6.0,7.0,2.0,197.0,0.0,246.0,49.0,34.0,2.0,1.0,15.0,48.0,1.0,0.0,102.0,7.0,2.0,1.0,4.0,3.0,1.0,12.0,154.0,3.0,331.0,12.0,3.0,1.0,1.0,11.0,10.0,424.0,3.0,3200.0,389.0,248.0,1.0,1.0,1.0,2.0,3.0,25.0,35.0,977.0,7.0,3.0,124.0,1.0,1.0,1.0,1.0,0.0,0.0,1.0,,
2024-10-11,2,99,1,2,90,11,0,2,23,3,1,19,2,5,55,299,34,2,1,8,0,4,0,13,0,0,48,18,5,0,17,5,14,1,151,360,0,36,8,1,0,1,4,0,1,14,23,244,0,1,0,0,1,93,1,1,200,14,1,36,8,0,9,0,6,5,5,24,5374,23442,0,40,9,8,3,16,1,20,23,36,46,11,1,5,27,0,34,0,0,7,5,5,3,1,0,1315,0,13,8,2,3,0,0,5,21,0,253,1640,0,4,29,2,,14,2,0,0,0,2347,1,2,4,0,2,1,43,1,6,7,5,12,1,2,5,1897,44,42,0,18,5,10,12,4,0,4,1,0,4,2,5,5,0,5,1,21,5,0,0,0,25,4,0,1,5,1,1,2,6,0,0,2,0,25,2,3,0,1,3,8,7,1,11,11,0,0,0,0,58,85,1359.0,28148.0,1233.0,30.0,2111.0,285.0,45.0,9.0,0.0,50.0,131.0,339.0,25.0,7.0,5970.0,3.0,10317.0,7.0,1.0,2245.0,340.0,1156.0,39.0,17.0,6.0,2.0,18.0,13.0,3.0,3.0,5.0,4.0,2.0,255.0,5.0,8.0,10176.0,8.0,2.0,4.0,2.0,833.0,214.0,298.0,50128.0,13.0,132.0,29.0,209.0,30172.0,0.0,35.0,11.0,18.0,4.0,11.0,14.0,143.0,74.0,7.0,6.0,11.0,29.0,1.0,0.0,0.0,5.0,2.0,0.0,4.0,6.0,0.0,0.0,0.0,3.0,6.0,8760.0,0.0,200.0,0.0,1.0,0.0,0.0,100.0,1.0,2.0,356.0,233.0,4.0,123.0,9.0,3.0,2.0,0.0,1.0,4.0,61.0,2854.0,34.0,915.0,1313.0,10.0,7.0,334.0,1506.0,40.0,133181.0,1189.0,30.0,39.0,31767.0,3.0,14.0,2781.0,1020.0,1734.0,718.0,26.0,1607.0,8978.0,389.0,464.0,2313.0,2028.0,19127.0,9688.0,83.0,3593.0,29.0,545.0,12.0,69.0,18.0,7799.0,78.0,10.0,22.0,1.0,3848.0,2033.0,392.0,163.0,5.0,86.0,5.0,72.0,876.0,13.0,2511.0,68.0,5.0,690.0,2176.0,85.0,149.0,5.0,81.0,13.0,5.0,2.0,75.0,5.0,2.0,16.0,331.0,4.0,2.0,148.0,2.0,279.0,397.0,1989.0,2.0,13.0,45.0,188.0,3844.0,613.0,389.0,25481.0,2.0,4.0,2186.0,1.0,64.0,9.0,56.0,37.0,37.0,11.0,557.0,173.0,2811.0,126.0,18.0,318.0,91.0,8892.0,114.0,3574.0,17.0,24.0,10.0,66.0,16060.0,160.0,2536.0,303.0,344.0,7.0,1.0,86.0,31.0,201.0,1373.0,5.0,1215.0,327.0,7363.0,6.0,17.0,323.0,380.0,9.0,457.0,9.0,3.0,4.0,455.0,205.0,318.0,26.0,17.0,47.0,14.0,240.0,753.0,8.0,674.0,470.0,7.0,19.0,186.0,151.0,16.0,13.0,1983.0,15478.0,48.0,2.0,49.0,145.0,65.0,56.0,604.0,10.0,3.0,0.0,8.0,4568.0,0.0,0.0,49.0,1161.0,147.0,791.0,4.0,67.0,10.0,6.0,889.0,14.0,2685.0,2.0,3557.0,223.0,1339.0,69.0,1630.0,74.0,185.0,25.0,12.0,8.0,2.0,72.0,0.0,597.0,120.0,446.0,1.0,4.0,2.0,714.0,6773.0,282.0,2.0,66.0,1.0,4331.0,0.0,435.0,1.0,6.0,7.0,2.0,197.0,0.0,246.0,49.0,34.0,2.0,1.0,15.0,48.0,1.0,0.0,102.0,7.0,2.0,1.0,4.0,3.0,1.0,12.0,154.0,3.0,331.0,12.0,3.0,1.0,1.0,11.0,10.0,426.0,3.0,3203.0,390.0,248.0,1.0,1.0,1.0,2.0,3.0,25.0,35.0,986.0,7.0,3.0,124.0,1.0,1.0,1.0,1.0,0.0,0.0,1.0,,198.0
2024-10-12,2,99,1,2,90,11,0,2,23,3,1,19,2,5,55,301,34,2,1,8,0,4,0,13,0,0,48,18,5,0,17,5,14,1,151,360,0,36,8,1,0,1,4,0,1,14,23,244,0,1,0,0,1,95,1,1,200,14,1,36,8,0,9,0,6,5,5,24,5381,23522,0,40,9,8,3,16,1,20,23,36,46,11,1,5,27,0,34,0,0,7,5,5,3,1,0,1316,0,13,8,2,3,0,0,5,21,0,253,1640,0,4,29,2,,14,2,0,0,0,2351,1,2,4,0,2,1,44,1,6,7,5,12,1,2,5,1897,44,42,0,18,5,10,12,4,0,4,1,0,4,2,5,5,0,5,1,21,5,0,0,0,25,4,0,1,5,1,1,2,6,0,0,2,0,25,2,3,0,1,3,8,7,1,11,11,0,0,0,0,58,85,1360.0,28148.0,1233.0,30.0,2111.0,285.0,45.0,9.0,0.0,50.0,131.0,339.0,25.0,7.0,5970.0,3.0,10329.0,7.0,1.0,2251.0,340.0,1158.0,39.0,17.0,6.0,2.0,18.0,13.0,3.0,3.0,5.0,4.0,2.0,255.0,5.0,8.0,10176.0,9.0,2.0,4.0,2.0,836.0,214.0,298.0,50157.0,13.0,132.0,29.0,209.0,30286.0,0.0,35.0,11.0,18.0,4.0,11.0,14.0,143.0,75.0,7.0,6.0,11.0,29.0,1.0,0.0,0.0,5.0,2.0,0.0,4.0,6.0,0.0,0.0,0.0,3.0,6.0,8765.0,0.0,200.0,0.0,1.0,0.0,0.0,100.0,1.0,2.0,357.0,233.0,4.0,123.0,9.0,3.0,2.0,0.0,1.0,4.0,61.0,2854.0,34.0,915.0,1314.0,10.0,7.0,334.0,1507.0,40.0,133234.0,1189.0,30.0,39.0,31785.0,3.0,14.0,2781.0,1020.0,1734.0,718.0,26.0,1607.0,8979.0,389.0,464.0,2314.0,2029.0,19132.0,9706.0,83.0,3595.0,29.0,545.0,12.0,69.0,18.0,7803.0,78.0,10.0,22.0,1.0,3851.0,2035.0,392.0,163.0,5.0,86.0,5.0,72.0,876.0,13.0,2512.0,68.0,5.0,690.0,2176.0,85.0,149.0,5.0,81.0,13.0,5.0,2.0,75.0,5.0,2.0,16.0,331.0,4.0,2.0,148.0,2.0,279.0,397.0,1992.0,2.0,13.0,45.0,188.0,3845.0,613.0,391.0,25488.0,2.0,4.0,2187.0,1.0,64.0,9.0,56.0,38.0,37.0,11.0,557.0,173.0,2813.0,127.0,18.0,319.0,91.0,8898.0,114.0,3577.0,17.0,24.0,10.0,66.0,16070.0,161.0,2537.0,303.0,344.0,7.0,1.0,86.0,31.0,201.0,1373.0,5.0,1215.0,327.0,7370.0,6.0,17.0,323.0,380.0,9.0,457.0,9.0,3.0,4.0,455.0,205.0,318.0,26.0,17.0,47.0,14.0,240.0,754.0,8.0,674.0,470.0,7.0,19.0,186.0,151.0,16.0,13.0,1984.0,15502.0,48.0,2.0,49.0,145.0,65.0,56.0,604.0,10.0,3.0,0.0,8.0,4574.0,0.0,0.0,49.0,1163.0,147.0,793.0,4.0,67.0,10.0,6.0,889.0,14.0,2689.0,2.0,3559.0,224.0,1340.0,70.0,1632.0,76.0,185.0,25.0,12.0,8.0,2.0,72.0,0.0,598.0,120.0,446.0,1.0,4.0,2.0,716.0,6788.0,283.0,2.0,66.0,1.0,4338.0,0.0,435.0,1.0,6.0,7.0,2.0,197.0,0.0,247.0,49.0,34.0,2.0,1.0,15.0,48.0,1.0,0.0,102.0,7.0,2.0,1.0,4.0,3.0,1.0,12.0,154.0,3.0,331.0,12.0,3.0,1.0,1.0,11.0,10.0,430.0,3.0,3209.0,394.0,250.0,1.0,1.0,1.0,2.0,3.0,26.0,37.0,1018.0,7.0,3.0,124.0,1.0,1.0,1.0,1.0,0.0,0.0,1.0,,325.0
2024-10-13,2,99,1,2,90,11,0,2,23,3,1,19,2,5,55,301,34,2,1,8,0,4,0,13,0,0,48,18,5,0,17,5,14,1,151,360,0,36,8,1,0,1,4,0,1,14,23,244,0,1,0,0,1,95,1,1,200,14,1,36,8,0,9,0,6,5,5,24,5387,23545,0,40,9,8,3,16,1,20,23,36,46,11,1,5,27,0,34,0,0,7,5,5,3,1,0,1317,0,13,8,2,3,0,0,5,21,0,252,1639,0,4,29,2,,14,2,0,0,0,2352,1,2,4,0,2,1,46,1,6,7,5,12,1,2,5,1898,44,42,0,18,5,10,12,4,0,4,1,0,4,2,5,5,0,5,1,21,5,0,0,0,25,4,0,1,5,1,1,2,6,0,0,2,0,25,2,3,0,1,3,8,7,1,11,11,0,0,0,0,58,85,1362.0,28155.0,1233.0,30.0,2111.0,285.0,45.0,9.0,0.0,50.0,131.0,339.0,25.0,7.0,5970.0,3.0,10339.0,7.0,1.0,2254.0,340.0,1157.0,39.0,17.0,6.0,2.0,18.0,13.0,3.0,3.0,5.0,4.0,2.0,255.0,5.0,8.0,10176.0,9.0,2.0,4.0,2.0,836.0,214.0,298.0,50178.0,13.0,132.0,29.0,209.0,30424.0,0.0,35.0,11.0,18.0,4.0,11.0,14.0,143.0,75.0,7.0,6.0,11.0,29.0,1.0,0.0,0.0,5.0,2.0,0.0,4.0,6.0,0.0,0.0,0.0,3.0,6.0,8766.0,0.0,200.0,0.0,1.0,0.0,0.0,100.0,1.0,2.0,358.0,233.0,4.0,123.0,9.0,3.0,2.0,0.0,1.0,4.0,61.0,2854.0,34.0,915.0,1314.0,10.0,7.0,334.0,1507.0,40.0,133279.0,1189.0,30.0,39.0,31801.0,3.0,14.0,2781.0,1020.0,1733.0,718.0,26.0,1607.0,8978.0,389.0,464.0,2317.0,2029.0,19139.0,9716.0,83.0,3596.0,29.0,545.0,12.0,69.0,18.0,7806.0,78.0,10.0,22.0,1.0,3852.0,2036.0,392.0,163.0,5.0,86.0,5.0,72.0,876.0,13.0,2513.0,68.0,5.0,690.0,2178.0,85.0,149.0,5.0,81.0,13.0,5.0,2.0,75.0,5.0,2.0,16.0,331.0,4.0,2.0,148.0,2.0,279.0,397.0,1992.0,2.0,13.0,45.0,189.0,3849.0,613.0,392.0,25499.0,2.0,4.0,2187.0,1.0,64.0,9.0,56.0,38.0,37.0,11.0,557.0,174.0,2815.0,128.0,18.0,319.0,91.0,8901.0,114.0,3579.0,17.0,24.0,10.0,66.0,16080.0,161.0,2538.0,303.0,344.0,7.0,1.0,86.0,31.0,201.0,1373.0,5.0,1216.0,327.0,7373.0,6.0,17.0,324.0,381.0,9.0,458.0,9.0,3.0,4.0,456.0,205.0,318.0,26.0,17.0,47.0,14.0,240.0,757.0,8.0,675.0,470.0,7.0,19.0,186.0,151.0,16.0,13.0,1986.0,15522.0,48.0,2.0,49.0,145.0,65.0,56.0,604.0,10.0,3.0,0.0,8.0,4576.0,0.0,0.0,49.0,1166.0,147.0,794.0,4.0,67.0,10.0,6.0,889.0,14.0,2696.0,2.0,3560.0,224.0,1342.0,72.0,1631.0,76.0,185.0,25.0,12.0,8.0,2.0,72.0,0.0,599.0,120.0,447.0,1.0,4.0,2.0,717.0,6796.0,284.0,2.0,66.0,1.0,4347.0,0.0,436.0,1.0,6.0,7.0,2.0,197.0,0.0,248.0,49.0,34.0,2.0,1.0,15.0,48.0,1.0,0.0,102.0,7.0,2.0,1.0,4.0,3.0,1.0,12.0,154.0,3.0,331.0,13.0,3.0,1.0,1.0,11.0,10.0,431.0,3.0,3211.0,399.0,250.0,1.0,1.0,1.0,2.0,3.0,26.0,38.0,1028.0,7.0,3.0,125.0,1.0,1.0,1.0,1.0,0.0,0.0,1.0,,376.0
